Step,Time,Temp,Pressure,Volume,EnergyKinetic,EnergyPotential,EnergyTotal,EnergyTotAtom
1300000,1300.0000,10.052033822860767742,0.095737252470884132149,251605.31808377601556,13.9690683343443,-71322.5752875955,-71308.6062192611,-6.6321
1300100,1300.1000,9.8309049553379139752,-6.9683113725958056861,251605.31808377601556,13.6617708942881,-71322.2679548279,-71308.6061839336,-6.6321
1300200,1300.2000,9.9201446611268444542,-2.8543857943674826316,251605.31808377601556,13.7857851555083,-71322.3919755543,-71308.6061903988,-6.6321
1300300,1300.3000,9.8881290822995815404,-4.3618886264251841567,251605.31808377601556,13.7412938797841,-71322.3474842416,-71308.6061903618,-6.6321
1300400,1300.4000,10.0286199131765148,-0.028860633863050131481,251605.31808377601556,13.9365305902303,-71322.542740585,-71308.6062099948,-6.6321
1300500,1300.5000,9.9056308994924133771,-4.5648591983621038537,251605.31808377601556,13.7656157319237,-71322.3718151942,-71308.6061994623,-6.6321
1300600,1300.6000,10.016140875934087973,-1.0267668595478169902,251605.31808377601556,13.9191887739314,-71322.5254008402,-71308.6062120663,-6.6321
1300700,1300.7000,9.9605859194900521203,-1.8828871000352453979,251605.31808377601556,13.8419853943413,-71322.4481920242,-71308.6062066298,-6.6321
1300800,1300.8000,9.9229963986371441109,-2.8647960734066857391,251605.31808377601556,13.7897481461682,-71322.3959480968,-71308.6061999506,-6.6321
1300900,1300.9000,9.9328177120001654998,-4.9479957082589720585,251605.31808377601556,13.8033965878586,-71322.409601985,-71308.6062053971,-6.6321
1301000,1301.0000,10.018522730609928928,-2.2076123281224329098,251605.31808377601556,13.9224987797785,-71322.528715529,-71308.6062167492,-6.6321
1301100,1301.1000,9.971008185800695145,-2.3122750170314869678,251605.31808377601556,13.8564689658113,-71322.4626855852,-71308.6062166194,-6.6321
1301200,1301.2000,10.049243618845405734,-0.68059810434311052152,251605.31808377601556,13.9651908552943,-71322.5714191949,-71308.6062283396,-6.6321
1301300,1301.3000,9.9734811973301376042,-2.8285201465663818432,251605.31808377601556,13.8599056501336,-71322.4661203848,-71308.6062147347,-6.6321
1301400,1301.4000,9.9424002125884047842,-4.2123697747000052871,251605.31808377601556,13.8167131572106,-71322.4229210266,-71308.6062078694,-6.6321
1301500,1301.5000,9.9945013263799893366,-2.3048242792496265174,251605.31808377601556,13.8891168151843,-71322.4953342531,-71308.6062174379,-6.6321
1301600,1301.6000,9.9919172091687737947,-1.6835251121617231806,251605.31808377601556,13.8855257299827,-71322.4917385766,-71308.6062128466,-6.6321
1301700,1301.7000,9.942224489957636635,-2.9877657648366735543,251605.31808377601556,13.8164689597198,-71322.4226787496,-71308.6062097899,-6.6321
1301800,1301.8000,10.047291648020458155,-0.3016779498119254721,251605.31808377601556,13.9624782486397,-71322.5686966554,-71308.6062184067,-6.6321
1301900,1301.9000,9.9013306669918570435,-4.2409447900360381922,251605.31808377601556,13.7596398028021,-71322.3658384582,-71308.6061986554,-6.6321
1302000,1302.0000,10.002698828302399647,-1.9400574049385812536,251605.31808377601556,13.9005086853812,-71322.5067184898,-71308.6062098044,-6.6321
1302100,1302.1000,9.9738413177848137536,-2.3736524828475369375,251605.31808377601556,13.8604061008214,-71322.4666200312,-71308.6062139304,-6.6321
1302200,1302.2000,10.038701141241947568,-0.54135188745808937583,251605.31808377601556,13.9505402290976,-71322.5567571934,-71308.6062169643,-6.6321
1302300,1302.3000,9.8340169540448538754,-6.9073716576528960687,251605.31808377601556,13.6660955636396,-71322.2722858884,-71308.6061903247,-6.6321
1302400,1302.4000,10.034861569610516341,-0.14346431257519631774,251605.31808377601556,13.9452044692465,-71322.5514153376,-71308.6062108684,-6.6321
1302500,1302.5000,9.947796995694778488,-4.113528318282431151,251605.31808377601556,13.8242129361934,-71322.4304210852,-71308.606208149,-6.6321
1302600,1302.6000,9.9207240768894990879,-2.248241798585373985,251605.31808377601556,13.7865903555828,-71322.3927875361,-71308.6061971805,-6.6321
1302700,1302.7000,9.9706301812730266931,-1.4287588790647680614,251605.31808377601556,13.8559436620598,-71322.4621475427,-71308.6062038806,-6.6321
1302800,1302.8000,9.919803545805974565,-4.4784954227297655294,251605.31808377601556,13.7853111157954,-71322.3915115829,-71308.6062004671,-6.6321
1302900,1302.9000,9.971224813151279065,-2.8843588419571011272,251605.31808377601556,13.8567700076021,-71322.4629803312,-71308.6062103235,-6.6321
1303000,1303.0000,10.049093457043554167,-0.50268895526223111858,251605.31808377601556,13.9649821790694,-71322.5712040667,-71308.6062218876,-6.6321
1303100,1303.1000,9.9299991346876517184,-4.1906938976496714844,251605.31808377601556,13.7994796791237,-71322.4056843261,-71308.606204647,-6.6321
1303200,1303.2000,9.9265250429961842116,-4.5769265091982509475,251605.31808377601556,13.7946518179074,-71322.4008534906,-71308.6062016727,-6.6321
1303300,1303.3000,10.00238496895070206,-2.9612603377983663933,251605.31808377601556,13.9000725226296,-71322.5062871754,-71308.6062146528,-6.6321
1303400,1303.4000,10.01902696835558082,-2.0626547384820539399,251605.31808377601556,13.9231995067806,-71322.5294203405,-71308.6062208337,-6.6321
1303500,1303.5000,9.9799559858115856059,-2.8686867442344925472,251605.31808377601556,13.8689035071188,-71322.4751164044,-71308.6062128973,-6.6321
1303600,1303.6000,10.014940461255672943,-1.499981146366679452,251605.31808377601556,13.9175205866801,-71322.5237322022,-71308.6062116155,-6.6321
1303700,1303.7000,9.9084694181956063375,-5.5687894601265286454,251605.31808377601556,13.769560352727,-71322.3757574647,-71308.6061971119,-6.6321
1303800,1303.8000,9.8715992834025687586,-4.3345082332880373599,251605.31808377601556,13.7183228179658,-71322.324509824,-71308.606187006,-6.6321
1303900,1303.9000,9.9095353695093510993,-4.6141466242658815133,251605.31808377601556,13.7710416794919,-71322.377239923,-71308.6061982435,-6.6321
1304000,1304.0000,10.065483131496801406,0.020998627722985517552,251605.31808377601556,13.9877585133366,-71322.5939828913,-71308.606224378,-6.6321
1304100,1304.1000,9.9752807670165264398,-3.5066811151454189144,251605.31808377601556,13.8624064686112,-71322.4686288501,-71308.6062223815,-6.6321
1304200,1304.2000,10.062372425243946594,-1.4342122447953866704,251605.31808377601556,13.9834356400773,-71322.5896664629,-71308.6062308228,-6.6321
1304300,1304.3000,9.8999348861388618559,-6.1083966998897212264,251605.31808377601556,13.7577001199022,-71322.3639088926,-71308.6062087727,-6.6321
1304400,1304.4000,10.020582746369495197,-0.99687124644629654391,251605.31808377601556,13.9253615338661,-71322.5315844531,-71308.6062229192,-6.6321
1304500,1304.5000,10.104488381224854265,1.3195970686073763556,251605.31808377601556,14.0419631656937,-71322.6482005371,-71308.6062373714,-6.6321
1304600,1304.6000,10.007439530222942636,-1.1029734213418200817,251605.31808377601556,13.9070967242048,-71322.5133145843,-71308.6062178601,-6.6321
1304700,1304.7000,9.8978497772817242151,-3.9979758335380628509,251605.31808377601556,13.7548024945437,-71322.3609992888,-71308.6061967942,-6.6321
1304800,1304.8000,9.9763299255962856193,-2.0764812016057265787,251605.31808377601556,13.8638644589197,-71322.4700657461,-71308.6062012872,-6.6321
1304900,1304.9000,9.9012756047845442708,-3.3015239311148421031,251605.31808377601556,13.759563284184,-71322.3657585588,-71308.6061952746,-6.6321
1305000,1305.0000,9.9809408695618255791,-1.9473456165615505853,251605.31808377601556,13.8702721762509,-71322.4764787231,-71308.6062065469,-6.6321
1305100,1305.1000,9.9544600610745153091,-3.1273680324963293309,251605.31808377601556,13.8334724370313,-71322.4396752667,-71308.6062028296,-6.6321
1305200,1305.2000,9.9009482253381566608,-3.1471223365316935983,251605.31808377601556,13.7591083328838,-71322.36529583,-71308.6061874971,-6.6321
1305300,1305.3000,9.8864953449637358318,-4.2803538921704351594,251605.31808377601556,13.7390235145141,-71322.3452078241,-71308.6061843096,-6.6321
1305400,1305.4000,9.9392381229621626915,-3.6899990880395505677,251605.31808377601556,13.8123188777198,-71322.4185182557,-71308.6061993779,-6.6321
1305500,1305.5000,10.007351253379940914,-2.0458375028604232071,251605.31808377601556,13.9069740480107,-71322.5131901,-71308.606216052,-6.6321
1305600,1305.6000,9.9811740400032853415,-2.8653818662918166815,251605.31808377601556,13.8705962075751,-71322.4768104846,-71308.606214277,-6.6321
1305700,1305.7000,9.9810838728330182335,-2.7005663268703399282,251605.31808377601556,13.8704709044389,-71322.4766891204,-71308.606218216,-6.6321
1305800,1305.8000,10.039693026640241769,-2.5788231090963198433,251605.31808377601556,13.9519186282507,-71322.5581536402,-71308.6062350119,-6.6321
1305900,1305.9000,10.098776236403491424,-1.4069918186850147723,251605.31808377601556,14.0340251361614,-71322.6402697131,-71308.6062445769,-6.6321
1306000,1306.0000,10.013579055096805348,-2.7118891347939926284,251605.31808377601556,13.9156286734615,-71322.5218554459,-71308.6062267724,-6.6321
1306100,1306.1000,9.9643360255351556276,-3.1130211669639789029,251605.31808377601556,13.8471968260305,-71322.4534151472,-71308.6062183211,-6.6321
1306200,1306.2000,10.013752686325542385,-2.000718672048651392,251605.31808377601556,13.9158699645815,-71322.5220947418,-71308.6062247772,-6.6321
1306300,1306.3000,10.038718644874208508,-0.58631000817033163131,251605.31808377601556,13.9505645534721,-71322.556790459,-71308.6062259056,-6.6321
1306400,1306.4000,10.010377615220305003,-1.677839269722421367,251605.31808377601556,13.9111797098795,-71322.5173998687,-71308.6062201588,-6.6321
1306500,1306.5000,9.9973468212124654286,-2.4117386180316056077,251605.31808377601556,13.8930711305458,-71322.4992843067,-71308.6062131761,-6.6321
1306600,1306.6000,9.9582010650688310704,-2.5957539349186968813,251605.31808377601556,13.8386712198206,-71322.4448754352,-71308.6062042154,-6.6321
1306700,1306.7000,9.8843321454106867208,-5.7894895199696350119,251605.31808377601556,13.7360173684038,-71322.3422166846,-71308.6061993162,-6.6321
1306800,1306.8000,10.010120622043816141,-2.2372611200312015889,251605.31808377601556,13.9108225726765,-71322.517039503,-71308.6062169303,-6.6321
1306900,1306.9000,10.003295805908608784,-1.3750600288263601367,251605.31808377601556,13.901338290725,-71322.5075530526,-71308.6062147618,-6.6321
1307000,1307.0000,9.9411625265486929237,-3.2097069552983956697,251605.31808377601556,13.8149931748498,-71322.4212001344,-71308.6062069596,-6.6321
1307100,1307.1000,10.001636110928528112,-0.35586533300271577795,251605.31808377601556,13.8990318527444,-71322.5052447414,-71308.6062128886,-6.6321
1307200,1307.2000,9.9503693740369083542,-3.1483384783530983242,251605.31808377601556,13.8277877081725,-71322.4339949753,-71308.6062072672,-6.6321
1307300,1307.3000,9.9225418829216742722,-3.9716535555443979177,251605.31808377601556,13.7891165166691,-71322.3953176559,-71308.6062011392,-6.6321
1307400,1307.4000,9.9482541524783236753,-3.4347508403043298664,251605.31808377601556,13.8248482359209,-71322.4310546843,-71308.6062064484,-6.6321
1307500,1307.5000,10.081490127232108023,0.89523823510759159561,251605.31808377601556,14.0100030482431,-71322.6162297394,-71308.6062266912,-6.6321
1307600,1307.6000,9.935379978652294497,-4.0830603758474275367,251605.31808377601556,13.8069573078666,-71322.4131605761,-71308.6062032682,-6.6321
1307700,1307.7000,9.9667798821811146581,-2.5206089612748443507,251605.31808377601556,13.8505929945163,-71322.4568001736,-71308.6062071791,-6.6321
1307800,1307.8000,10.000343257723843138,-1.4397424224647659141,251605.31808377601556,13.8972352059085,-71322.5034485654,-71308.6062133595,-6.6321
1307900,1307.9000,9.866951521308093831,-4.9490529796165931842,251605.31808377601556,13.7118639353711,-71322.318051485,-71308.6061875497,-6.6321
1308000,1308.0000,9.9552668483782351672,-3.4136960662250115384,251605.31808377601556,13.8345936098383,-71322.4407986549,-71308.6062050451,-6.6321
1308100,1308.1000,10.017787437912515358,-1.201639214988339921,251605.31808377601556,13.9214769612971,-71322.5276967452,-71308.6062197839,-6.6321
1308200,1308.2000,9.9748480077483865358,-2.7643529765855721081,251605.31808377601556,13.8618050735209,-71322.4680279773,-71308.6062229037,-6.6321
1308300,1308.3000,10.101960578783037548,0.13761234589576842868,251605.31808377601556,14.0384503397653,-71322.6446844231,-71308.6062340834,-6.6321
1308400,1308.4000,9.9032505025471380122,-6.0888150137380518956,251605.31808377601556,13.7623077518495,-71322.3685155701,-71308.6062078182,-6.6321
1308500,1308.5000,10.014430582680828863,-1.7901912878887611402,251605.31808377601556,13.9168120207541,-71322.5230354558,-71308.606223435,-6.6321
1308600,1308.6000,10.063920171583916385,-0.20236255211423642697,251605.31808377601556,13.9855865057398,-71322.5918210358,-71308.60623453,-6.6321
1308700,1308.7000,10.015639209181832925,-2.5314950330674736989,251605.31808377601556,13.9184916197766,-71322.5247222576,-71308.6062306378,-6.6321
1308800,1308.8000,10.052024344302392223,-1.6766288428943429967,251605.31808377601556,13.9690551622209,-71322.5752900049,-71308.6062348426,-6.6321
1308900,1308.9000,10.04293095969157612,-1.8166916377251038917,251605.31808377601556,13.9564183055153,-71322.5626499487,-71308.6062316432,-6.6321
1309000,1309.0000,10.04359681434921292,-1.338041101394314758,251605.31808377601556,13.957343627632,-71322.5635721459,-71308.6062285183,-6.6321
1309100,1309.1000,9.9597203378324294931,-3.5274063046718735492,251605.31808377601556,13.8407825164425,-71322.4469986954,-71308.6062161789,-6.6321
1309200,1309.2000,10.017471438656297522,-0.55138125331616827385,251605.31808377601556,13.921037824772,-71322.5272655621,-71308.6062277374,-6.6321
1309300,1309.3000,10.090612464253313263,-1.3472048846157369528,251605.31808377601556,14.0226801394133,-71322.6289250867,-71308.6062449473,-6.6321
1309400,1309.4000,10.101318466243879968,-0.16578905341195990242,251605.31808377601556,14.0375580114966,-71322.6437983356,-71308.6062403241,-6.6321
1309500,1309.5000,10.003084815588104917,-1.6922188106380271488,251605.31808377601556,13.9010450825785,-71322.5072701912,-71308.6062251086,-6.6321
1309600,1309.6000,9.9686593152934435125,-2.630643892117773941,251605.31808377601556,13.8532047972657,-71322.4594242559,-71308.6062194587,-6.6321
1309700,1309.7000,10.001409155282862784,-2.5184684698816504067,251605.31808377601556,13.8987164579717,-71322.5049406909,-71308.606224233,-6.6321
1309800,1309.8000,10.034283954182086518,-2.2139340113548580113,251605.31808377601556,13.944401771053,-71322.55062098,-71308.606219209,-6.6321
1309900,1309.9000,9.8973085973848000663,-5.6747581804603326461,251605.31808377601556,13.7540504299272,-71322.3602504527,-71308.6062000228,-6.6321
1310000,1310.0000,10.023668419365215243,-0.59939336197720449739,251605.31808377601556,13.9296496190133,-71322.5358620425,-71308.6062124234,-6.6321
1310100,1310.1000,9.9019246303907735296,-4.4498712683185672745,251605.31808377601556,13.7604652193749,-71322.3666616876,-71308.6061964682,-6.6321
1310200,1310.2000,9.9271231611011874207,-3.2206095522763016348,251605.31808377601556,13.7954830081748,-71322.4016771624,-71308.6061941543,-6.6321
1310300,1310.3000,9.9200592967887857299,-3.1957020345342308509,251605.31808377601556,13.7856665267519,-71322.3918616746,-71308.6061951478,-6.6321
1310400,1310.4000,9.9669817186083484728,-1.9029016591079148668,251605.31808377601556,13.8508734817186,-71322.457068945,-71308.6061954632,-6.6321
1310500,1310.5000,9.8673717785908632294,-4.7481134550922838855,251605.31808377601556,13.7124479567547,-71322.3186331517,-71308.606185195,-6.6321
1310600,1310.6000,9.9352760054724509331,-3.4056129682889855204,251605.31808377601556,13.8068128188528,-71322.4130072519,-71308.6061944331,-6.6321
1310700,1310.7000,9.9198125356799309316,-3.574798727924791919,251605.31808377601556,13.7853236088059,-71322.3915244345,-71308.6062008256,-6.6321
1310800,1310.8000,10.035846746989282252,-2.2824632852474948663,251605.31808377601556,13.9465735464271,-71322.5527948118,-71308.6062212653,-6.6321
1310900,1310.9000,9.9357733479515584207,-3.8666207895753132995,251605.31808377601556,13.8075039636697,-71322.4137171705,-71308.6062132068,-6.6321
1311000,1311.0000,10.034422217742104522,-1.9075413444906759164,251605.31808377601556,13.9445939125789,-71322.550815367,-71308.6062214545,-6.6321
1311100,1311.1000,9.9640969965224215343,-2.966929432069179029,251605.31808377601556,13.8468646531915,-71322.4530737984,-71308.6062091452,-6.6321
1311200,1311.2000,9.9766394226402610457,-1.2979801410180300536,251605.31808377601556,13.8642945594777,-71322.4705015289,-71308.6062069694,-6.6321
1311300,1311.3000,10.001030220943464499,-2.5717668479508133395,251605.31808377601556,13.8981898620833,-71322.5044012556,-71308.6062113935,-6.6321
1311400,1311.4000,9.894329112792060954,-3.647601815616309473,251605.31808377601556,13.7499099122359,-71322.3560998665,-71308.6061899542,-6.6321
1311500,1311.5000,9.8996190925637144176,-3.6542998285743726328,251605.31808377601556,13.7572612692071,-71322.3634549874,-71308.6061937182,-6.6321
1311600,1311.6000,10.055047867543919438,-0.93179051358094688862,251605.31808377601556,13.9732568793575,-71322.5794774856,-71308.6062206063,-6.6321
1311700,1311.7000,9.9339682624622334117,-4.1226753760965628715,251605.31808377601556,13.8049954800141,-71322.4111999664,-71308.6062044864,-6.6321
1311800,1311.8000,9.9435314180943645823,-3.0528432375002099164,251605.31808377601556,13.8182851661484,-71322.4244884622,-71308.606203296,-6.6321
1311900,1311.9000,9.967695596969594618,-2.9550276901194036938,251605.31808377601556,13.8518655412148,-71322.4580764561,-71308.6062109149,-6.6321
1312000,1312.0000,9.9916760932651182969,-1.0899949377588611377,251605.31808377601556,13.8851906570418,-71322.4914064819,-71308.6062158248,-6.6321
1312100,1312.1000,10.002506004040904841,-1.6619834958020820448,251605.31808377601556,13.9002407221677,-71322.506459504,-71308.6062187818,-6.6321
1312200,1312.2000,9.9567842535078412425,-4.4848960816164762377,251605.31808377601556,13.8367023110544,-71322.4429247251,-71308.606222414,-6.6321
1312300,1312.3000,10.139231148502499735,0.96824731471139857675,251605.31808377601556,14.0902443492609,-71322.6964906568,-71308.6062463075,-6.6321
1312400,1312.4000,10.018520476131255847,-2.7105348738014458654,251605.31808377601556,13.922495646784,-71322.5287273198,-71308.606231673,-6.6321
1312500,1312.5000,10.027610246056166687,-1.9146928534504057406,251605.31808377601556,13.935127480248,-71322.5413493469,-71308.6062218667,-6.6321
1312600,1312.6000,9.9422660834730240964,-3.7196521795227064366,251605.31808377601556,13.8165267612224,-71322.4227378677,-71308.6062111065,-6.6321
1312700,1312.7000,10.017389000617887618,-1.9812689912767238454,251605.31808377601556,13.9209232626234,-71322.5271411892,-71308.6062179266,-6.6321
1312800,1312.8000,9.9681306344912723461,-3.1235130773214705435,251605.31808377601556,13.852470102339,-71322.4586810956,-71308.6062109932,-6.6321
1312900,1312.9000,9.9583684541967674164,-2.1826889706248646661,251605.31808377601556,13.838903836444,-71322.4451108612,-71308.6062070247,-6.6321
1313000,1313.0000,9.9676682178589892658,-3.2952568825758739024,251605.31808377601556,13.8518274931269,-71322.4580435524,-71308.6062160593,-6.6321
1313100,1313.1000,10.073723641486633795,-1.5500111620667864631,251605.31808377601556,13.9992101508049,-71322.605443238,-71308.6062330872,-6.6321
1313200,1313.2000,9.9816890726770157727,-3.1422050448573539683,251605.31808377601556,13.8713119360277,-71322.4775335358,-71308.6062215998,-6.6321
1313300,1313.3000,10.009049723168727652,-2.8523963031714973937,251605.31808377601556,13.9093343704053,-71322.5155616827,-71308.6062273123,-6.6321
1313400,1313.4000,10.081110916111096998,-0.5048926143000574962,251605.31808377601556,14.009476067718,-71322.615717721,-71308.6062416533,-6.6321
1313500,1313.5000,10.036578062496893438,-1.8542073455773193658,251605.31808377601556,13.947589837904,-71322.5538285065,-71308.6062386686,-6.6321
1313600,1313.6000,10.063280351920328215,-1.64368989716809355,251605.31808377601556,13.9846973638248,-71322.5909357605,-71308.6062383967,-6.6321
1313700,1313.7000,10.043550292223137888,-2.2139196645316698842,251605.31808377601556,13.9572789769583,-71322.5635174282,-71308.6062384512,-6.6321
1313800,1313.8000,10.03487524780493878,-2.122922543900148451,251605.31808377601556,13.9452234775025,-71322.5514583915,-71308.606234914,-6.6321
1313900,1313.9000,10.046721768637114636,-0.97043484232136945078,251605.31808377601556,13.961686301041,-71322.5679158441,-71308.606229543,-6.6321
1314000,1314.0000,9.9965563582086645056,-2.6762078255287171658,251605.31808377601556,13.8919726432236,-71322.4981928224,-71308.6062201792,-6.6321
1314100,1314.1000,9.9517261602541555732,-3.2340860612171518085,251605.31808377601556,13.82967320117,-71322.4358813087,-71308.6062081076,-6.6321
1314200,1314.2000,10.038904350212288108,-0.76856865110081185044,251605.31808377601556,13.9508226236898,-71322.5570462632,-71308.6062236395,-6.6321
1314300,1314.3000,10.052456674167093098,-1.4026957661145211809,251605.31808377601556,13.9696559605797,-71322.5758901542,-71308.6062341936,-6.6321
1314400,1314.4000,10.066581758208744901,-0.70756653273326763909,251605.31808377601556,13.9892852483122,-71322.5955181501,-71308.6062329018,-6.6321
1314500,1314.5000,10.004374446087354045,-3.9194076885757551665,251605.31808377601556,13.9028372508987,-71322.5090678248,-71308.6062305739,-6.6321
1314600,1314.6000,10.108010436274105004,0.39752503387628707054,251605.31808377601556,14.0468576804284,-71322.6531018046,-71308.6062441242,-6.6321
1314700,1314.7000,9.969320228743765,-3.9394245192134711431,251605.31808377601556,13.854123252706,-71322.460346632,-71308.6062233793,-6.6321
1314800,1314.8000,10.014154477808665078,-1.7191525696620826302,251605.31808377601556,13.9164283244898,-71322.5226486411,-71308.6062203166,-6.6321
1314900,1314.9000,10.01134858045714715,-1.3105572131566314287,251605.31808377601556,13.9125290367901,-71322.5187529145,-71308.6062238777,-6.6321
1315000,1315.0000,9.9924016136111752928,-1.9943360656298212419,251605.31808377601556,13.8861988951228,-71322.4924216425,-71308.6062227473,-6.6321
1315100,1315.1000,10.003120393294468116,-2.1668832316191091181,251605.31808377601556,13.9010945240568,-71322.5073220749,-71308.6062275508,-6.6321
1315200,1315.2000,10.065910705654856017,-0.4113275193415295572,251605.31808377601556,13.9883527028049,-71322.5945862916,-71308.6062335888,-6.6321
1315300,1315.3000,10.022709512610537885,-1.4064095779944454367,251605.31808377601556,13.9283170494838,-71322.5345408892,-71308.6062238397,-6.6321
1315400,1315.4000,9.9816951048766835441,-2.4908297983144960241,251605.31808377601556,13.8713203188297,-71322.4775377299,-71308.6062174111,-6.6321
1315500,1315.5000,9.9613926468800908509,-3.2588286330886910847,251605.31808377601556,13.8431064838877,-71322.4493151388,-71308.606208655,-6.6321
1315600,1315.6000,9.9342539807526328843,-3.8149466244844663088,251605.31808377601556,13.8053925358133,-71322.4115990868,-71308.606206551,-6.6321
1315700,1315.7000,10.012503532191381339,-1.7784895345353608498,251605.31808377601556,13.9141340452871,-71322.5203473064,-71308.6062132611,-6.6321
1315800,1315.8000,9.9111003790804197422,-3.0386774505446219052,251605.31808377601556,13.7732165354491,-71322.3794182398,-71308.6062017043,-6.6321
1315900,1315.9000,10.000121129376640994,-1.6697463330199775466,251605.31808377601556,13.8969265195157,-71322.5031393425,-71308.606212823,-6.6321
1316000,1316.0000,10.002564101988626888,-1.9567130418272866699,251605.31808377601556,13.9003214594808,-71322.5065350606,-71308.6062136011,-6.6321
1316100,1316.1000,9.955243739129164382,-2.3468863340453052224,251605.31808377601556,13.8345614954736,-71322.4407666214,-71308.6062051259,-6.6321
1316200,1316.2000,9.9428146395638972166,-2.5000323664247465771,251605.31808377601556,13.8172890763572,-71322.4234862866,-71308.6061972103,-6.6321
1316300,1316.3000,9.847641930726210191,-5.4057697764381122951,251605.31808377601556,13.6850298642667,-71322.2912123217,-71308.6061824575,-6.6321
1316400,1316.4000,9.9481883285128631655,-2.4294211712324580432,251605.31808377601556,13.8247567619478,-71322.4309556886,-71308.6061989267,-6.6321
1316500,1316.5000,10.003074582647217383,-1.6615325152506863482,251605.31808377601556,13.901030862108,-71322.5072362923,-71308.6062054302,-6.6321
1316600,1316.6000,9.8418336602233846833,-5.3852821321448676173,251605.31808377601556,13.6769582511993,-71322.283143844,-71308.6061855928,-6.6321
1316700,1316.7000,9.9944372803796017735,-1.1291849302990850656,251605.31808377601556,13.8890278120062,-71322.4952364296,-71308.6062086176,-6.6321
1316800,1316.8000,10.013100810349664371,-0.93734568941596418945,251605.31808377601556,13.9149640683009,-71322.5211808352,-71308.6062167669,-6.6321
1316900,1316.9000,9.9499138519303631512,-2.1107727421424455905,251605.31808377601556,13.827154680116,-71322.4333600206,-71308.6062053405,-6.6321
1317000,1317.0000,9.9099929332307254981,-3.910692499365371777,251605.31808377601556,13.7716775447311,-71322.3778808623,-71308.6062033175,-6.6321
1317100,1317.1000,10.079477795818075236,0.3062778826834948176,251605.31808377601556,14.0072065599375,-71322.6134398937,-71308.6062333338,-6.6321
1317200,1317.2000,10.065045744360034519,-0.64092582428658340099,251605.31808377601556,13.9871506870092,-71322.5933873267,-71308.6062366397,-6.6321
1317300,1317.3000,9.9947070433466240758,-4.6013907273882992399,251605.31808377601556,13.8894026950783,-71322.4956389398,-71308.6062362448,-6.6321
1317400,1317.4000,10.173000692283636681,2.125869572804914398,251605.31808377601556,14.1371730676687,-71322.7434322454,-71308.6062591778,-6.6321
1317500,1317.5000,10.02884965283018559,-2.6470675105634842161,251605.31808377601556,13.9368498538716,-71322.5430928707,-71308.6062430168,-6.6321
1317600,1317.6000,10.08769229833737846,-1.1196418064345963206,251605.31808377601556,14.0186220554528,-71322.6248653,-71308.6062432445,-6.6321
1317700,1317.7000,10.013687043945472155,-3.068625976014090373,251605.31808377601556,13.9157787429532,-71322.5220074918,-71308.6062287488,-6.6321
1317800,1317.8000,10.059841400664492284,-0.53557066631046856831,251605.31808377601556,13.9799183364223,-71322.5861480462,-71308.6062297098,-6.6321
1317900,1317.9000,9.9679751437993804331,-3.0995747407755955827,251605.31808377601556,13.8522540206844,-71322.458473932,-71308.6062199113,-6.6321
1318000,1318.0000,10.017444225911834366,-1.3678300208707547814,251605.31808377601556,13.921000007879,-71322.5272211005,-71308.6062210926,-6.6321
1318100,1318.1000,10.01289099988342457,-2.1146567724423328549,251605.31808377601556,13.9146724997694,-71322.5208973453,-71308.6062248455,-6.6321
1318200,1318.2000,9.9907929640680723793,-0.98560375287172519165,251605.31808377601556,13.8839633937517,-71322.4901836581,-71308.6062202644,-6.6321
1318300,1318.3000,9.9713822400821126024,-3.2970017987496937906,251605.31808377601556,13.8569887800012,-71322.4632044655,-71308.6062156855,-6.6321
1318400,1318.4000,10.095181287381999269,-0.09408399316250386224,251605.31808377601556,14.0290293224361,-71322.6352628244,-71308.606233502,-6.6321
1318500,1318.5000,9.9976956613808631857,-2.4332121496161729368,251605.31808377601556,13.8935559052924,-71322.4997796048,-71308.6062236995,-6.6321
1318600,1318.6000,9.9585158768892494408,-3.4588042461348385004,251605.31808377601556,13.8391087061949,-71322.4453233142,-71308.606214608,-6.6321
1318700,1318.7000,10.014799279052837733,-1.3688810096676575778,251605.31808377601556,13.9173243891868,-71322.5235481131,-71308.6062237239,-6.6321
1318800,1318.8000,10.090997181118119386,0.027537797460006677858,251605.31808377601556,14.0232147711375,-71322.6294550542,-71308.6062402831,-6.6321
1318900,1318.9000,10.033906536940085275,-1.1964287685461865163,251605.31808377601556,13.9438772834381,-71322.5501064791,-71308.6062291956,-6.6321
1319000,1319.0000,9.9010962620292080061,-4.97656017986333854,251605.31808377601556,13.7593140558937,-71322.3655208236,-71308.6062067677,-6.6321
1319100,1319.1000,10.070929881525509941,-0.63231321717935018434,251605.31808377601556,13.9953277301431,-71322.6015581,-71308.6062303699,-6.6321
1319200,1319.2000,9.9789329124112082781,-3.0004204311283966256,251605.31808377601556,13.8674817667533,-71322.4737078247,-71308.6062260579,-6.6321
1319300,1319.3000,10.053556800175014629,-1.2640350460382374642,251605.31808377601556,13.9711847790906,-71322.5774152493,-71308.6062304703,-6.6321
1319400,1319.4000,10.005313080246006407,-2.8601923701687246293,251605.31808377601556,13.9041416480917,-71322.5103643652,-71308.6062227171,-6.6321
1319500,1319.5000,10.003050487376777156,-2.3636731907117889406,251605.31808377601556,13.9009973774934,-71322.507220185,-71308.6062228075,-6.6321
1319600,1319.6000,10.044321418698729076,-1.1275068828442356139,251605.31808377601556,13.9583505927747,-71322.5645748114,-71308.6062242186,-6.6321
1319700,1319.7000,9.8657134732080766781,-7.2974493029587073067,251605.31808377601556,13.7101434498639,-71322.3163417371,-71308.6061982872,-6.6321
1319800,1319.8000,9.9815521646319815829,-3.2479913911528983661,251605.31808377601556,13.8711216782281,-71322.4773342585,-71308.6062125803,-6.6321
1319900,1319.9000,10.085266278079313196,1.29866908446302598,251605.31808377601556,14.015250673764,-71322.6214804146,-71308.6062297408,-6.6321
1320000,1320.0000,9.9603827333706647096,-2.142619151703432312,251605.31808377601556,13.8417030315045,-71322.4479169836,-71308.6062139521,-6.6321
1320000,1320.0000,9.9603827333706647096,-2.1426191517061474734,251605.31808377601556,13.8417030315045,-71322.4479169836,-71308.6062139521,-6.6321
