Step,Time,Temp,Pressure,Volume,EnergyKinetic,EnergyPotential,EnergyTotal,EnergyTotalPerAtom,NoOfNeighbors,MinDist
0,0.0000,43.056535307495657605,193.10704368564418587,251605.31808377601556,59.8346259622255,-71322.4479169837,-71262.6132910215,-6.6278,0,3.1224
10,0.0007,43.046898768693260706,193.07216341819662375,251605.31808377601556,59.821234297274,-71322.4345265763,-71262.613292279,-6.6278,0,3.1082
20,0.0014,43.016769929332838274,193.0006349896600284,251605.31808377601556,59.7793649777634,-71322.3926600473,-71262.6132950695,-6.6278,0,3.0526
30,0.0021,42.963847969904307433,193.22284528877051457,251605.31808377601556,59.7058206104571,-71322.3191181925,-71262.613297582,-6.6278,1,2.9976
40,0.0028,42.88605484759056452,194.13918939036369693,251605.31808377601556,59.5977133895013,-71322.2110113139,-71262.6132979244,-6.6278,3,2.9433
50,0.0036,42.783049698671696603,196.00501896667179835,251605.31808377601556,59.4545696248271,-71322.0678653584,-71262.6132957336,-6.6278,3,2.8897
60,0.0043,42.656416139277403943,198.56817411534993312,251605.31808377601556,59.2785900294762,-71321.8918833973,-71262.6132933678,-6.6278,3,2.8368
70,0.0050,42.508223398845991881,201.13290603692578884,251605.31808377601556,59.0726501615629,-71321.6859398313,-71262.6132896697,-6.6278,3,2.7848
80,0.0057,42.341578965235299847,203.17279054214023404,251605.31808377601556,58.8410684218207,-71321.454352376,-71262.6132839541,-6.6278,3,2.7333
90,0.0064,42.161234547920955151,204.32773797295197937,251605.31808377601556,58.5904481460062,-71321.2037255496,-71262.6132774036,-6.6278,3,2.6823
100,0.0071,41.97260843239705963,204.52320571997537968,251605.31808377601556,58.3283189944506,-71320.9415913624,-71262.613272368,-6.6278,3,2.6323
110,0.0079,41.779761394562939358,204.1153791302074012,251605.31808377601556,58.060324129227,-71320.6735964474,-71262.6132723182,-6.6278,3,2.5833
120,0.0086,41.582409501506354843,204.02067807827344836,251605.31808377601556,57.7860689756331,-71320.3993504763,-71262.6132815007,-6.6278,3,2.5354
130,0.0093,41.372250697345329229,205.7918081446628662,251605.31808377601556,57.4940163673626,-71320.1073207613,-71262.6133043939,-6.6278,3,2.4886
140,0.0100,41.129085350338506544,211.63751263563881366,251605.31808377601556,57.156095364634,-71319.7694401491,-71262.6133447845,-6.6278,3,2.4430
150,0.0108,40.817476677259740825,224.37729728031735021,251605.31808377601556,56.7230603266985,-71319.3364648558,-71262.6134045291,-6.6278,3,2.3988
160,0.0115,40.384957683904573855,247.27061206857231923,251605.31808377601556,56.12199914042,-71318.7354807978,-71262.6134816573,-6.6278,3,2.3560
170,0.0123,39.763276809062311656,283.69767082370714206,251605.31808377601556,55.2580642615822,-71317.8716318966,-71262.613567635,-6.6278,3,2.3149
180,0.0130,38.902228013098024917,316.70469429250238136,251605.31808377601556,54.061485570942,-71316.6748019652,-71262.6133163943,-6.6278,3,2.2757
190,0.0138,37.945259459032911309,325.48695289547964649,251605.31808377601556,52.7316095119148,-71315.3449044636,-71262.6132949517,-6.6278,3,2.2388
200,0.0146,36.957616377496812277,333.67746986128037179,251605.31808377601556,51.3591058038052,-71313.9723772958,-71262.613271492,-6.6278,3,2.2042
210,0.0154,35.960750799586101323,341.2639545558545251,251605.31808377601556,49.9737858154938,-71312.5870324878,-71262.6132466723,-6.6278,3,2.1723
220,0.0162,34.978908988617924081,348.29001718319346992,251605.31808377601556,48.6093439928113,-71311.2225653671,-71262.6132213743,-6.6278,3,2.1432
230,0.0170,34.038729597343689193,354.81237738604534115,251605.31808377601556,47.3027994273341,-71309.915996193,-71262.6131967656,-6.6278,3,2.1172
240,0.0179,33.168522367241017434,360.88302123170456071,251605.31808377601556,46.0934934822328,-71308.7066679084,-71262.6131744262,-6.6278,3,2.0946
250,0.0188,32.396950296009642045,366.61988536761572277,251605.31808377601556,45.0212584323078,-71307.6344151121,-71262.6131566798,-6.6278,3,2.0755
260,0.0197,31.751371112009060482,371.99116655474261961,251605.31808377601556,44.1241126511202,-71306.737255363,-71262.6131427119,-6.6278,3,2.0604
270,0.0206,31.257687095778280195,376.72008956208543395,251605.31808377601556,43.4380519115894,-71306.0511853749,-71262.6131334634,-6.6278,3,2.0495
280,0.0216,30.939066550441918224,380.56989936364840332,251605.31808377601556,42.9952726443323,-71305.608403823,-71262.6131311786,-6.6278,3,2.0430
290,0.0225,30.813202308064262525,383.4731520404479852,251605.31808377601556,42.8203621502365,-71305.4335000315,-71262.6131378813,-6.6278,3,2.0412
300,0.0236,30.88938720045766928,385.52983118309742849,251605.31808377601556,42.9262344529607,-71305.5393888151,-71262.6131543621,-6.6278,3,2.0443
310,0.0246,31.166475860753095617,386.89769140803252867,251605.31808377601556,43.3112978638633,-71305.9244777599,-71262.613179896,-6.6278,4,2.0523
320,0.0257,31.632224418338473981,387.58177031313675798,251605.31808377601556,43.9585373720249,-71306.5717505361,-71262.613213164,-6.6278,4,2.0655
330,0.0268,32.263700568002164459,387.33638926758055732,251605.31808377601556,44.8360845074215,-71307.449335766,-71262.6132512585,-6.6278,4,2.0837
340,0.0279,33.029375043850322413,385.86664371940571527,251605.31808377601556,45.9001238116528,-71308.5134146908,-71262.6132908791,-6.6278,4,2.1068
350,0.0291,33.89216630793058016,382.84051170219237292,251605.31808377601556,47.099123968099,-71309.7124539369,-71262.6133299688,-6.6278,6,2.1333
360,0.0302,34.811863567066623659,378.04423496801365445,251605.31808377601556,48.3772050098243,-71310.9905736598,-71262.61336865,-6.6278,10,2.1634
370,0.0314,35.745929019502085566,371.63968523772729213,251605.31808377601556,49.6752531823391,-71312.2886637009,-71262.6134105185,-6.6278,13,2.1978
380,0.0326,36.647472209358461726,364.5153116519966261,251605.31808377601556,50.928105952972,-71313.5415701678,-71262.6134642148,-6.6278,13,2.2362
390,0.0338,37.458812728154157412,358.09130904091239245,251605.31808377601556,52.0556062528321,-71314.6693287552,-71262.6137225023,-6.6278,16,2.2782
400,0.0350,38.000910523701968202,324.50912150688344582,251605.31808377601556,52.8089464507812,-71315.4229276274,-71262.6139811766,-6.6278,16,2.3236
410,0.0362,38.027384738586057722,309.29100644420674371,251605.31808377601556,52.8457370270298,-71315.4597314856,-71262.6139944585,-6.6278,16,2.3080
420,0.0375,37.603405998451385983,297.46351598834678498,251605.31808377601556,52.2565440241391,-71314.8701292011,-71262.6135851769,-6.6278,16,2.2431
430,0.0387,36.938130620011527583,292.99033152656903667,251605.31808377601556,51.332026917815,-71313.9455032837,-71262.6134763659,-6.6278,16,2.1806
440,0.0401,36.111812151966212525,294.15697657338125737,251605.31808377601556,50.1837121240661,-71312.7971078468,-71262.6133957227,-6.6278,16,2.1212
450,0.0415,35.183678397771849689,297.28237838316260877,251605.31808377601556,48.8939070891619,-71311.5072412111,-71262.6133341219,-6.6278,16,2.0658
460,0.0430,34.202916808920882374,300.04395904742830226,251605.31808377601556,47.5309664250347,-71310.1442465171,-71262.6132800921,-6.6278,16,2.0161
470,0.0446,33.22192075898628616,301.95475089701591287,251605.31808377601556,46.1676999360091,-71308.7809257134,-71262.6132257774,-6.6278,16,1.9741
480,0.0463,32.353567896826206152,304.82363460934658406,251605.31808377601556,44.9609709611969,-71307.5741578916,-71262.6131869304,-6.6278,16,1.9448
490,0.0481,31.706041396768860352,312.49573814691467533,251605.31808377601556,44.0611190419735,-71306.6743152634,-71262.6131962215,-6.6278,16,1.9322
500,0.0499,31.289147788092652291,329.67535052422630315,251605.31808377601556,43.4817720749443,-71306.095044734,-71262.613272659,-6.6278,18,1.9373
510,0.0517,31.046983446376898996,360.62864939107089413,251605.31808377601556,43.1452421450633,-71305.7586475528,-71262.6134054078,-6.6278,16,1.9609
520,0.0534,30.882623941218998453,403.38114805368167026,251605.31808377601556,42.9168357151398,-71305.5303458989,-71262.6135101838,-6.6278,16,1.9997
530,0.0550,30.710513172343627986,450.96091750204044502,251605.31808377601556,42.6776575414623,-71305.2911951918,-71262.6135376504,-6.6278,16,2.0476
540,0.0565,30.519420307454186769,490.24890641218308929,251605.31808377601556,42.4121004079621,-71305.0255686876,-71262.6134682796,-6.6278,16,2.1021
550,0.0579,30.357831140957205918,514.61073760603756,251605.31808377601556,42.1875438506858,-71304.8009745817,-71262.613430731,-6.6278,16,2.1613
560,0.0592,30.266586388440806843,523.39973039745643746,251605.31808377601556,42.0607432245127,-71304.6741339806,-71262.6133907561,-6.6278,16,2.2241
570,0.0605,30.269791113333344157,522.85881342646268877,251605.31808377601556,42.0651967532021,-71304.6785700705,-71262.6133733173,-6.6278,16,2.2632
580,0.0618,30.297821071993205067,500.64912075313628748,251605.31808377601556,42.1041493089563,-71304.717795631,-71262.613646322,-6.6278,16,2.2650
590,0.0631,30.305970301184380844,486.37449391599290038,251605.31808377601556,42.115474095706,-71304.7290024926,-71262.6135283969,-6.6278,16,2.2710
600,0.0644,30.388829078345807488,479.86301657511836538,251605.31808377601556,42.2306209347104,-71304.844117984,-71262.6134970493,-6.6278,16,2.2812
610,0.0657,30.572211482689777284,477.75109203199701824,251605.31808377601556,42.485463027638,-71305.099000327,-71262.6135372993,-6.6278,16,2.2949
620,0.0670,30.803615900779860226,459.7150888083615996,251605.31808377601556,42.8070401518433,-71305.4207185147,-71262.6136783628,-6.6278,17,2.3040
630,0.0684,30.951656110504121244,439.7366944710697112,251605.31808377601556,43.0127680515212,-71305.62654714,-71262.6137790884,-6.6278,17,2.3169
640,0.0698,30.907224349494054394,431.82122007614322001,251605.31808377601556,42.9510223076546,-71305.5648581122,-71262.6138358046,-6.6278,22,2.3066
650,0.0712,30.625599553878032566,426.18149940753835381,251605.31808377601556,42.5596551391858,-71305.1733828972,-71262.613727758,-6.6278,26,2.2712
660,0.0727,30.163838518009487899,418.36730046047733822,251605.31808377601556,41.9179569935314,-71304.5314642782,-71262.6135072847,-6.6278,33,2.2404
670,0.0743,29.633211230688136339,405.50634159091094944,251605.31808377601556,41.1805570834951,-71303.7939833733,-71262.6134262898,-6.6278,35,2.2154
680,0.0761,29.122707098274599247,399.77201114429158224,251605.31808377601556,40.471121835234,-71303.0844685551,-71262.6133467199,-6.6278,34,2.1974
690,0.0780,28.721801643786601943,400.1895016800636995,251605.31808377601556,39.9139932194689,-71302.5272833068,-71262.6132900874,-6.6278,36,2.1888
700,0.0802,28.536404492798151722,404.67391865410991159,251605.31808377601556,39.6563512818482,-71302.2696374554,-71262.6132861736,-6.6278,36,2.1927
710,0.0829,28.680317447714511303,410.03609478928041199,251605.31808377601556,39.8563436353212,-71302.4697246663,-71262.613381031,-6.6278,38,2.2148
720,0.0857,29.15454249007471077,411.37243320013817538,251605.31808377601556,40.5153627094036,-71303.1289275563,-71262.6135648469,-6.6278,40,2.2572
730,0.0883,29.646103837833024386,389.61210772945531744,251605.31808377601556,41.1984736278868,-71303.8127115571,-71262.6142379292,-6.6278,43,2.3040
740,0.0906,29.828592275733562644,346.17271671275602785,251605.31808377601556,41.4520733972651,-71304.0662197546,-71262.6141463573,-6.6278,49,2.3540
750,0.0929,29.670273704448856478,321.73814712733417309,251605.31808377601556,41.2320619070688,-71303.8460669884,-71262.6140050813,-6.6278,53,2.4074
760,0.0952,29.290760763014134227,310.96350301877822631,251605.31808377601556,40.7046619493992,-71303.3185629399,-71262.6139009905,-6.6278,53,2.4627
770,0.0974,28.77752699056768293,308.76375906853047582,251605.31808377601556,39.9914333863901,-71302.6052748542,-71262.6138414678,-6.6278,54,2.4915
780,0.0997,28.181254028488968544,311.19120250660199645,251605.31808377601556,39.1628072695284,-71301.7766202253,-71262.6138129558,-6.6278,55,2.4621
790,0.1020,27.527306877758324077,315.4673350851821283,251605.31808377601556,38.2540327273228,-71300.8678317797,-71262.6137990524,-6.6278,54,2.4354
800,0.1043,26.829451437815464487,320.02754241224124598,251605.31808377601556,37.2842398973498,-71299.8980260063,-71262.6137861089,-6.6278,52,2.4119
810,0.1066,26.101485199621503597,324.17823305597937633,251605.31808377601556,36.2726028191597,-71298.8863692135,-71262.6137663944,-6.6278,52,2.3924
820,0.1091,25.364372274894986248,327.39077481810136305,251605.31808377601556,35.2482548118723,-71297.8619938178,-71262.613739006,-6.6278,55,2.3779
830,0.1115,24.647419430545426167,329.06995508161571706,251605.31808377601556,34.2519227807918,-71296.8656327173,-71262.6137099365,-6.6278,55,2.3692
840,0.1140,23.982846055753583414,328.69929539435509014,251605.31808377601556,33.3283812319621,-71295.9420716848,-71262.6136904529,-6.6278,56,2.3672
850,0.1166,23.395087172042185131,326.19463355331356524,251605.31808377601556,32.5115869239276,-71295.1252759189,-71262.6136889949,-6.6278,55,2.3727
860,0.1193,22.891670484028896482,322.05416965714897515,251605.31808377601556,31.8120009257674,-71294.425705526,-71262.6137046003,-6.6278,53,2.3857
870,0.1221,22.462521779592695026,317.46826484251664624,251605.31808377601556,31.2156233485023,-71293.8293508414,-71262.6137274929,-6.6278,52,2.4059
880,0.1250,22.087824101946871735,314.13167547926639145,251605.31808377601556,30.6949150464817,-71293.3086616233,-71262.6137465769,-6.6278,54,2.4230
890,0.1281,21.748619508345722551,313.69909597878921659,251605.31808377601556,30.2235306250961,-71292.8372848635,-71262.6137542384,-6.6278,57,2.4260
900,0.1314,21.435536259738505294,317.12863699121936634,251605.31808377601556,29.7884464052056,-71292.4021950859,-71262.6137486807,-6.6278,61,2.4158
910,0.1349,21.152522035519869092,324.34215086871517997,251605.31808377601556,29.3951483814056,-71292.0088862785,-71262.6137378971,-6.6278,67,2.4135
920,0.1387,20.911773363639554191,334.27660585646140134,251605.31808377601556,29.0605857736624,-71291.674322386,-71262.6137366123,-6.6278,74,2.4206
930,0.1428,20.720574319228280302,345.35386403444204007,251605.31808377601556,28.7948810850483,-71291.4086373713,-71262.6137562863,-6.6278,87,2.4322
940,0.1474,20.567297701419715139,355.98005460491833674,251605.31808377601556,28.5818762756777,-71291.1956706487,-71262.613794373,-6.6278,93,2.4504
950,0.1526,20.416746598253130429,364.80299132501386339,251605.31808377601556,28.3726590480991,-71290.9864927641,-71262.613833716,-6.6278,105,2.4807
960,0.1584,20.223479592775166935,370.52770447199088721,251605.31808377601556,28.1040805639962,-71290.7179293037,-71262.6138487397,-6.6278,119,2.5156
970,0.1646,19.966849270499952951,372.34633427844647713,251605.31808377601556,27.7474476107351,-71290.3612683977,-71262.613820787,-6.6278,125,2.5556
980,0.1709,19.677661233122627493,370.30509449650253373,251605.31808377601556,27.3455699880781,-71289.9593361303,-71262.6137661422,-6.6278,123,2.5342
990,0.1775,19.40322422967660998,364.14647629096356241,251605.31808377601556,26.9641915205791,-71289.5779064402,-71262.6137149196,-6.6278,124,2.5275
1000,0.1845,19.199707708883693158,352.76822918407884799,251605.31808377601556,26.6813695328876,-71289.2950649469,-71262.613695414,-6.6278,120,2.5371
1010,0.1922,19.104889300738399527,336.22660074492188187,251605.31808377601556,26.549602683902,-71289.163321613,-71262.6137189291,-6.6278,121,2.5654
1020,0.2003,19.124689129062812043,318.48794343029101128,251605.31808377601556,26.5771180265427,-71289.190904052,-71262.6137860255,-6.6278,114,2.6131
1030,0.2084,19.198585606221641342,301.94340986495200241,251605.31808377601556,26.6798101739518,-71289.2936850225,-71262.6138748485,-6.6278,116,2.6766
1040,0.2168,19.233391709574892303,282.96691724020871561,251605.31808377601556,26.7281793741318,-71289.3421057527,-71262.6139263785,-6.6278,119,2.7058
1050,0.2248,19.173598177501872897,259.64765684100302678,251605.31808377601556,26.6450857484836,-71289.2589731341,-71262.6138873857,-6.6278,130,2.7065
1060,0.2326,19.054495663032767538,234.10376111423562406,251605.31808377601556,26.4795718641563,-71289.0933756973,-71262.6138038331,-6.6278,127,2.6771
1070,0.2402,18.952803340349920092,211.02834124868778076,251605.31808377601556,26.3382525023567,-71288.951987679,-71262.6137351766,-6.6278,118,2.6643
1080,0.2476,18.933061534359534761,192.43556383507799978,251605.31808377601556,26.3108177919505,-71288.9245140257,-71262.6136962338,-6.6278,120,2.6620
1090,0.2545,19.024919888471043095,177.04427563875725582,251605.31808377601556,26.4384711254228,-71289.0521515491,-71262.6136804237,-6.6278,117,2.6669
1100,0.2611,19.225658361798181772,162.8036211491999552,251605.31808377601556,26.7174325277274,-71289.331110082,-71262.6136775543,-6.6278,110,2.6688
1110,0.2673,19.520659851441603649,149.54764307992471117,251605.31808377601556,27.1273889644229,-71289.7410711441,-71262.6136821797,-6.6278,99,2.6223
1120,0.2731,19.889345168119199059,137.49940673644886147,251605.31808377601556,27.6397420337914,-71290.2534294834,-71262.6136874496,-6.6278,88,2.5855
1130,0.2785,20.311940763452362546,126.71625032203388628,251605.31808377601556,28.2270129137974,-71290.8407046425,-71262.6136917287,-6.6278,83,2.5579
1140,0.2837,20.777381203186401137,117.22159104894286941,251605.31808377601556,28.8738242380316,-71291.4875213612,-71262.6136971232,-6.6278,77,2.5387
1150,0.2887,21.27725914171213617,108.98700737151304452,251605.31808377601556,29.5684925215999,-71292.1821949326,-71262.613702411,-6.6278,67,2.5271
1160,0.2935,21.804952276105399989,101.88051837104144681,251605.31808377601556,30.3018149102632,-71292.915523036,-71262.6137081258,-6.6278,63,2.5226
1170,0.2981,22.354296633956689533,95.900737613868486164,251605.31808377601556,31.0652254806155,-71293.6789434804,-71262.6137179997,-6.6278,58,2.5245
1180,0.3026,22.916557201722902448,91.442242622418831388,251605.31808377601556,31.8465853955584,-71294.460317605,-71262.6137322094,-6.6278,57,2.5322
1190,0.3070,23.480879087960591534,88.437184198785544709,251605.31808377601556,32.6308098749361,-71295.2445551692,-71262.6137452943,-6.6278,53,2.5449
1200,0.3113,24.037638956643878174,86.613984991367232169,251605.31808377601556,33.4045256013764,-71296.0182831665,-71262.6137575651,-6.6278,49,2.5620
1210,0.3155,24.577869397672316154,85.786640896790586908,251605.31808377601556,34.1552707819046,-71296.7690418841,-71262.6137711022,-6.6278,47,2.5826
1220,0.3198,25.09187218397610053,85.741276880042235575,251605.31808377601556,34.8695680248757,-71297.4833536645,-71262.6137856396,-6.6278,46,2.6061
1230,0.3240,25.56985939586592238,86.032205531756531514,251605.31808377601556,35.53381529498,-71298.1476126755,-71262.6137973805,-6.6278,44,2.6319
1240,0.3282,26.004642590974313521,85.953665247955044038,251605.31808377601556,36.138022987684,-71298.7518253336,-71262.6138023459,-6.6278,43,2.6336
1250,0.3326,26.393329085961845237,85.025812517894394205,251605.31808377601556,36.6781712108993,-71299.291978106,-71262.6138068951,-6.6278,40,2.5636
1260,0.3370,26.7289066042485004,84.396563864726374504,251605.31808377601556,37.144515173427,-71299.7583590971,-71262.6138439237,-6.6278,43,2.4958
1270,0.3416,26.970414247085692239,88.971087444264654209,251605.31808377601556,37.4801325047562,-71300.0941059159,-71262.6139734112,-6.6278,39,2.4314
1280,0.3465,26.991998905791628971,108.20235736804978899,251605.31808377601556,37.5101281830189,-71300.1243221453,-71262.6141939623,-6.6278,36,2.3741
1290,0.3521,26.625636086364991684,144.07890505145380189,251605.31808377601556,37.0010026319195,-71299.6143242993,-71262.6133216673,-6.6278,32,2.2899
1300,0.3575,26.443322240569880677,147.59621530838498416,251605.31808377601556,36.7476454889683,-71299.3607492524,-71262.6131037634,-6.6278,36,2.2604
1310,0.3627,26.767414377848464113,135.1090744077056911,251605.31808377601556,37.1980284952384,-71299.8114033519,-71262.6133748567,-6.6278,36,2.2914
1320,0.3678,27.180545490802042963,98.340391227009916975,251605.31808377601556,37.7721468129431,-71300.3862155638,-71262.6140687509,-6.6278,37,2.3725
1330,0.3726,27.214100286955797969,80.799582782101737166,251605.31808377601556,37.818777101766,-71300.4326337935,-71262.6138566917,-6.6278,43,2.4555
1340,0.3770,27.033704643985903004,78.712120068578713017,251605.31808377601556,37.5680856388967,-71300.1818338475,-71262.6137482086,-6.6278,48,2.5200
1350,0.3812,26.761163097931678578,81.336478161528688702,251605.31808377601556,37.1893412427009,-71299.8030571152,-71262.6137158725,-6.6278,56,2.5594
1360,0.3854,26.444410646075542815,83.247526658289373813,251605.31808377601556,36.7491580197807,-71299.3628557046,-71262.6136976849,-6.6278,57,2.5426
1370,0.3894,26.112544906014036883,83.121643825534675898,251605.31808377601556,36.2879722256975,-71298.901646694,-71262.6136744683,-6.6278,58,2.5090
1380,0.3932,25.793454496783500218,81.748396090405009318,251605.31808377601556,35.8445399999485,-71298.4581919486,-71262.6136519486,-6.6278,64,2.4806
1390,0.3970,25.510877851287958151,80.649518797564482497,251605.31808377601556,35.4518500687189,-71298.0654873177,-71262.613637249,-6.6278,63,2.4585
1400,0.4008,25.280956949945153411,80.370962452676764087,251605.31808377601556,35.1323345518643,-71297.7459585025,-71262.6136239506,-6.6278,65,2.4436
1410,0.4045,25.116898106905189536,80.503546553961868426,251605.31808377601556,34.9043459448157,-71297.5179585905,-71262.6136126457,-6.6278,62,2.4366
1420,0.4081,25.02901812783258606,80.490520042266894052,251605.31808377601556,34.7822212629335,-71297.3958304075,-71262.6136091446,-6.6278,63,2.4379
1430,0.4118,25.020015267377459622,80.101136635380001394,251605.31808377601556,34.7697102054582,-71297.383327337,-71262.6136171315,-6.6278,62,2.4473
1440,0.4154,25.082118672033224982,79.390078020621118071,251605.31808377601556,34.8560138051793,-71297.4696458726,-71262.6136320674,-6.6278,65,2.4641
1450,0.4190,25.201216687661300853,78.298928572009742766,251605.31808377601556,35.0215214375761,-71297.6351651918,-71262.6136437542,-6.6278,65,2.4873
1460,0.4226,25.365026640762035726,76.581974639193617804,251605.31808377601556,35.2491641682945,-71297.8628130638,-71262.6136488955,-6.6278,70,2.5039
1470,0.4263,25.565147952474411852,74.462576858014131176,251605.31808377601556,35.5272679160267,-71298.140929143,-71262.6136612269,-6.6278,68,2.5279
1480,0.4300,25.781894619423962212,73.687469164334359562,251605.31808377601556,35.8284755179126,-71298.4421849592,-71262.6137094413,-6.6278,68,2.4996
1490,0.4336,25.966371633246350115,77.936190503350687209,251605.31808377601556,36.0848387631635,-71298.6986468883,-71262.6138081251,-6.6278,70,2.4174
1500,0.4373,26.040213349240637797,91.130106956802862328,251605.31808377601556,36.1874548103065,-71298.8013255624,-71262.6138707521,-6.6278,68,2.3449
1510,0.4412,25.987077990263337313,107.04899983979672129,251605.31808377601556,36.1136138868074,-71298.7272796943,-71262.6136658075,-6.6278,69,2.2916
1520,0.4452,26.048277963716735428,105.10100399169309071,251605.31808377601556,36.1986620100326,-71298.8122855507,-71262.6136235407,-6.6278,68,2.2728
1530,0.4492,26.323621805606428836,98.07721015192136349,251605.31808377601556,36.5813006889884,-71299.1950118134,-71262.6137111244,-6.6278,62,2.2948
1540,0.4530,26.636092669122838572,73.787588185484082715,251605.31808377601556,37.0155338921264,-71299.6295571211,-71262.614023229,-6.6278,58,2.3488
1550,0.4566,26.756697211780448242,56.166512360412355065,251605.31808377601556,37.1831351087066,-71299.7971017805,-71262.6139666718,-6.6278,63,2.4188
1560,0.4602,26.712041810383283291,50.221572033187918294,251605.31808377601556,37.1210785772019,-71299.7349726716,-71262.6138940944,-6.6278,61,2.4842
1570,0.4638,26.561919872439489154,53.501168309867225048,251605.31808377601556,36.9124577501557,-71299.526331549,-71262.6138737989,-6.6278,59,2.4400
1580,0.4675,26.326250810193961627,63.943410147208169292,251605.31808377601556,36.5849541530915,-71299.1988277923,-71262.6138736392,-6.6278,54,2.4016
1590,0.4714,26.009626627327296688,79.671424801208189592,251605.31808377601556,36.1449491824843,-71298.7587685494,-71262.6138193669,-6.6278,55,2.3601
1600,0.4758,25.669243981254048492,94.775179582446995141,251605.31808377601556,35.6719276500648,-71298.2855929439,-71262.6136652938,-6.6278,50,2.3306
1610,0.4805,25.492443256486676972,97.36280570419603464,251605.31808377601556,35.4262319580924,-71298.0398930584,-71262.6136611003,-6.6278,47,2.3276
1620,0.4852,25.514509983712425623,87.697843110372289743,251605.31808377601556,35.4568975553202,-71298.0707334067,-71262.6138358514,-6.6278,49,2.3548
1630,0.4896,25.555882057512668837,78.587248978306050162,251605.31808377601556,35.514391325858,-71298.1282764165,-71262.6138850907,-6.6278,53,2.3995
1640,0.4938,25.539926712316944446,75.000879817485440526,251605.31808377601556,35.4922185684573,-71298.1060751864,-71262.6138566179,-6.6278,59,2.4513
1650,0.4980,25.478519000117447746,75.217491283350682352,251605.31808377601556,35.40688175572,-71298.0207074864,-71262.6138257307,-6.6278,58,2.5062
1660,0.5023,25.392955448761217241,76.40102709173305584,251605.31808377601556,35.2879761574215,-71297.9017887991,-71262.6138126417,-6.6278,60,2.5144
1670,0.5067,25.291826689471253786,76.747803497988982713,251605.31808377601556,35.1474399660414,-71297.7612579536,-71262.6138179875,-6.6278,58,2.4713
1680,0.5114,25.168515657768811167,76.049655441040286519,251605.31808377601556,34.9760776070815,-71297.5899099732,-71262.6138323661,-6.6278,58,2.4354
1690,0.5165,25.009540723022315234,75.205165397366585012,251605.31808377601556,34.7551539844539,-71297.3689806196,-71262.6138266351,-6.6278,51,2.4103
1700,0.5222,24.826454497855579007,73.791340888377888518,251605.31808377601556,34.5007234845669,-71297.1144715861,-71262.6137481015,-6.6278,51,2.4021
1710,0.5285,24.724048448248627352,66.135304948625645238,251605.31808377601556,34.3584122737196,-71296.9720918736,-71262.6136795998,-6.6278,55,2.3863
1720,0.5344,24.77639823160520649,51.467718166292264925,251605.31808377601556,34.4311615017746,-71297.0449194144,-71262.6137579126,-6.6278,56,2.4121
1730,0.5400,24.883154168152863406,37.482233568833052573,251605.31808377601556,34.5795176453184,-71297.1933064012,-71262.6137887559,-6.6278,58,2.4643
1740,0.5454,24.991060088111538562,29.127446365929536398,251605.31808377601556,34.7294718930006,-71297.3432302227,-71262.6137583297,-6.6278,59,2.4948
1750,0.5510,25.110514019769667016,25.988463557237864165,251605.31808377601556,34.8954741332978,-71297.5092172828,-71262.6137431495,-6.6278,57,2.5386
1760,0.5568,25.250417007207460074,24.782230368914614616,251605.31808377601556,35.0898939319313,-71297.7036721288,-71262.6137781969,-6.6278,60,2.5948
1770,0.5625,25.373495908198908211,23.564263746111556941,251605.31808377601556,35.2609337044552,-71297.8747557175,-71262.613822013,-6.6278,61,2.6591
1780,0.5679,25.438101589528631763,22.804844418090507219,251605.31808377601556,35.3507146575624,-71297.9645448108,-71262.6138301532,-6.6278,62,2.6461
1790,0.5732,25.439153285625099699,23.027073703924990866,251605.31808377601556,35.3521761741965,-71297.9659984866,-71262.6138223124,-6.6278,62,2.6285
1800,0.5785,25.382815476486864981,23.666918939458295057,251605.31808377601556,35.2738848831476,-71297.8876951832,-71262.6138103,-6.6278,60,2.6188
1810,0.5839,25.27799671836640627,24.18263435079978052,251605.31808377601556,35.128220789621,-71297.7420110911,-71262.6137903014,-6.6278,60,2.6168
1820,0.5894,25.139283626968047969,24.947368940469210941,251605.31808377601556,34.9354545607405,-71297.549220929,-71262.6137663682,-6.6278,59,2.6226
1830,0.5951,24.984015043361605279,25.714773450022256895,251605.31808377601556,34.7196815646685,-71297.3334374138,-71262.6137558491,-6.6278,56,2.6364
1840,0.6010,24.822686023151383949,26.149780787626720979,251605.31808377601556,34.4954865263964,-71297.1092343097,-71262.6137477833,-6.6278,56,2.6579
1850,0.6070,24.66414336994855816,26.143587204944434887,251605.31808377601556,34.2751636349769,-71296.8889061786,-71262.6137425436,-6.6278,57,2.6558
1860,0.6133,24.515994521379695925,25.369744664807534207,251605.31808377601556,34.0692847625237,-71296.6830249771,-71262.6137402146,-6.6278,64,2.6537
1870,0.6198,24.384372329299740301,23.475174278946170148,251605.31808377601556,33.8863725849602,-71296.5001102144,-71262.6137376294,-6.6278,69,2.6637
1880,0.6267,24.2763760030829161,20.416225549625764302,251605.31808377601556,33.7362927018872,-71296.3500263271,-71262.6137336252,-6.6278,74,2.6873
1890,0.6339,24.20071647546306437,16.467490372941654186,251605.31808377601556,33.6311504858849,-71296.2448864962,-71262.6137360103,-6.6278,78,2.7168
1900,0.6417,24.15989998687859952,12.210295767212189233,251605.31808377601556,33.5744287986868,-71296.1881891839,-71262.6137603852,-6.6278,76,2.7224
1910,0.6495,24.135897152886748529,8.72880635313401676,251605.31808377601556,33.5410726407034,-71296.1548705912,-71262.6137979505,-6.6278,70,2.6944
1920,0.6567,24.095209370665433113,6.4272425736180371914,251605.31808377601556,33.484529813626,-71296.0983492465,-71262.6138194329,-6.6278,67,2.6791
1930,0.6637,24.01697777024919489,5.3065767651974224961,251605.31808377601556,33.3758132502541,-71295.9896358544,-71262.6138226042,-6.6278,71,2.6742
1940,0.6706,23.898009992349521724,4.9168840437907208596,251605.31808377601556,33.2104866060792,-71295.824292116,-71262.6138055099,-6.6278,68,2.6782
1950,0.6778,23.753651591120554798,4.6297497505343079283,251605.31808377601556,33.009875226637,-71295.6236428574,-71262.6137676308,-6.6278,70,2.6900
1960,0.6853,23.62189724972105509,3.8917782989293940865,251605.31808377601556,32.8267794043597,-71295.4404931163,-71262.613713712,-6.6278,64,2.6804
1970,0.6936,23.570736178289507734,2.1939482816875512938,251605.31808377601556,32.7556821005225,-71295.3693412693,-71262.6136591688,-6.6278,63,2.6731
1980,0.7030,23.701685451681314021,-1.1523197262069879709,251605.31808377601556,32.9376591392569,-71295.5513087625,-71262.6136496232,-6.6278,58,2.6474
1990,0.7125,24.050545803270157563,-6.5043763666484837316,251605.31808377601556,33.4224619340312,-71296.0361765126,-71262.6137145785,-6.6278,55,2.6246
2000,0.7213,24.504124767200320179,-12.729247390380676208,251605.31808377601556,34.0527896521644,-71296.6665905766,-71262.6138009244,-6.6278,51,2.6205
2010,0.7295,24.956029782317965982,-18.4798069366439357,251605.31808377601556,34.6807911241107,-71297.2946697171,-71262.613878593,-6.6278,44,2.6326
2020,0.7374,25.329743890393132233,-22.871650258555728641,251605.31808377601556,35.2001325832827,-71297.8140665891,-71262.6139340058,-6.6278,41,2.6581
2030,0.7451,25.576430118642100808,-25.435706079190460116,251605.31808377601556,35.5429464695347,-71298.1569076896,-71262.6139612201,-6.6278,39,2.6947
2040,0.7528,25.673303526824845733,-26.356277113113584676,251605.31808377601556,35.6775691023802,-71298.2915297365,-71262.6139606342,-6.6278,39,2.7343
2050,0.7607,25.617730764702088209,-25.999670926857771036,251605.31808377601556,35.600340978669,-71298.2142783734,-71262.6139373948,-6.6278,42,2.7088
2060,0.7690,25.417809993368145172,-25.263465123719537786,251605.31808377601556,35.3225159170514,-71297.9364085389,-71262.6138926218,-6.6278,41,2.6867
2070,0.7783,25.086089239406714313,-25.234829925670247519,251605.31808377601556,34.8615316066456,-71297.4753560482,-71262.6138244415,-6.6278,40,2.6433
2080,0.7883,24.691438727920147045,-26.466686999155545124,251605.31808377601556,34.3130953339181,-71296.9268534216,-71262.6137580877,-6.6278,43,2.6034
2090,0.7983,24.337872401001757083,-29.928222973037620136,251605.31808377601556,33.8217527590241,-71296.4354552009,-71262.6137024418,-6.6278,48,2.5871
2100,0.8083,24.093256728759644858,-36.905746834336113693,251605.31808377601556,33.4818162743865,-71296.095478965,-71262.6136626906,-6.6278,50,2.5940
2110,0.8183,24.000981305770331176,-46.102352002367929629,251605.31808377601556,33.35358335038,-71295.9672611231,-71262.6136777727,-6.6278,46,2.6214
2120,0.8278,24.043524706091222498,-54.512449152290294307,251605.31808377601556,33.4127048850595,-71296.0264298071,-71262.613724922,-6.6278,48,2.6615
2130,0.8371,24.164904651557698401,-61.537423055635798619,251605.31808377601556,33.581383660173,-71296.1951453978,-71262.6137617377,-6.6278,44,2.6879
2140,0.8460,24.316178462445794395,-66.495595616733993438,251605.31808377601556,33.7916052171963,-71296.4053870323,-71262.6137818151,-6.6278,45,2.5949
2150,0.8544,24.464970215724495262,-68.147535166975345078,251605.31808377601556,33.9983775187787,-71296.6121803484,-71262.6138028296,-6.6278,42,2.5165
2160,0.8625,24.597528460254668659,-65.30964309742853402,251605.31808377601556,34.1825905057975,-71296.7964052972,-71262.6138147914,-6.6278,39,2.4523
2170,0.8707,24.717072642743033839,-58.652879912737425627,251605.31808377601556,34.3487181654911,-71296.9624906072,-71262.6137724417,-6.6278,40,2.4095
2180,0.8791,24.872596784327654973,-52.896370904872959784,251605.31808377601556,34.5648463043057,-71297.1786047034,-71262.6137583991,-6.6278,39,2.4007
2190,0.8880,25.081778511578647795,-50.30976224166727917,251605.31808377601556,34.8555410924211,-71297.4693703955,-71262.6138293031,-6.6278,38,2.4310
2200,0.8975,25.284213641525798977,-46.887954863599802025,251605.31808377601556,35.1368602974035,-71297.7506849623,-71262.6138246649,-6.6278,31,2.4893
2210,0.9069,25.444553182634727762,-42.812451288521366166,251605.31808377601556,35.3596802804953,-71297.9734936355,-71262.613813355,-6.6278,28,2.5518
2220,0.9161,25.565664399098338322,-40.946957195169687793,251605.31808377601556,35.5279856094117,-71298.1418341138,-71262.6138485044,-6.6278,29,2.5852
2230,0.9256,25.612026928265400727,-41.731880537804592279,251605.31808377601556,35.592414495098,-71298.2063218074,-71262.6139073123,-6.6278,31,2.5166
2240,0.9355,25.514008914410531759,-43.368606358931842237,251605.31808377601556,35.4562012314278,-71298.0701365089,-71262.6139352774,-6.6278,30,2.4531
2250,0.9455,25.250314614399957946,-44.859369607702859639,251605.31808377601556,35.0897516391226,-71297.703600641,-71262.6138490018,-6.6278,34,2.4126
2260,0.9555,24.909237160052846605,-50.923065056806358086,251605.31808377601556,34.6157645484462,-71297.2295520321,-71262.6137874836,-6.6278,38,2.4132
2270,0.9655,24.561462602969587721,-61.699965714185083243,251605.31808377601556,34.1324706560407,-71296.7462278758,-71262.6137572198,-6.6278,37,2.4541
2280,0.9755,24.246289810032109813,-70.88840249522380077,251605.31808377601556,33.6944826469219,-71296.3081575132,-71262.6136748662,-6.6278,37,2.5168
2290,0.9855,24.041731272941259334,-75.015930175652812295,251605.31808377601556,33.4102125943782,-71296.0238408441,-71262.6136282497,-6.6278,39,2.4576
2300,0.9955,24.013271055434657342,-75.407090794718598659,251605.31808377601556,33.3706621183088,-71295.9842297858,-71262.6135676675,-6.6278,34,2.4151
2310,1.0055,24.220636005679793357,-78.266788326651422381,251605.31808377601556,33.6588321753508,-71296.2724539764,-71262.613621801,-6.6278,31,2.4179
2320,1.0155,24.60418433726828269,-82.762258409993819441,251605.31808377601556,34.1918400171368,-71296.8055951086,-71262.6137550914,-6.6278,29,2.4666
2330,1.0255,25.015861159518127721,-83.267984630732257756,251605.31808377601556,34.763937342217,-71297.3777612894,-71262.6138239472,-6.6278,27,2.5433
2340,1.0355,25.354780266432445757,-79.855896727224688902,251605.31808377601556,35.2349250296573,-71297.8488255983,-71262.6139005687,-6.6278,28,2.6343
2350,1.0455,25.535377805005317953,-74.53125232627886021,251605.31808377601556,35.485897061964,-71298.099851779,-71262.613954717,-6.6278,29,2.6747
2360,1.0555,25.506168643332340906,-68.695376190600555333,251605.31808377601556,35.4453057962968,-71298.0592352746,-71262.6139294783,-6.6278,30,2.6680
2370,1.0653,25.301019276141150982,-63.887242129879332708,251605.31808377601556,35.1602146814496,-71297.7740607697,-71262.6138460883,-6.6278,29,2.6694
2380,1.0745,25.031023564524236491,-61.62485772567296749,251605.31808377601556,34.7850081698103,-71297.3987779512,-71262.6137697813,-6.6278,29,2.6785
2390,1.0833,24.78062240803244265,-62.062230406806229155,251605.31808377601556,34.4370317376103,-71297.0507459221,-71262.6137141845,-6.6278,25,2.6946
2400,1.0920,24.604054837252004262,-64.897968070076757385,251605.31808377601556,34.1916600540957,-71296.8053419128,-71262.6136818587,-6.6278,28,2.7178
2410,1.1009,24.534930977672097185,-69.732703079103572463,251605.31808377601556,34.0956002979288,-71296.7092799988,-71262.6136797009,-6.6278,30,2.6849
2420,1.1102,24.582754452953420099,-75.996569970297045415,251605.31808377601556,34.1620594251028,-71296.775774151,-71262.6137147259,-6.6278,32,2.6466
2430,1.1200,24.724635635248180421,-82.60856476796399761,251605.31808377601556,34.359228273294,-71296.9730030993,-71262.613774826,-6.6278,30,2.6061
2440,1.1300,24.897933843750415406,-87.663948013289754613,251605.31808377601556,34.6000566031074,-71297.2138746227,-71262.6138180195,-6.6278,29,2.5683
2450,1.1400,25.049064366124969894,-90.033484927192077407,251605.31808377601556,34.8100790355483,-71297.4239140101,-71262.6138349745,-6.6278,27,2.5373
2460,1.1500,25.154386937390970758,-90.00677648016316823,251605.31808377601556,34.9564432660205,-71297.5702838954,-71262.6138406293,-6.6278,26,2.5166
2470,1.1600,25.207778365208973526,-89.426354371172990909,251605.31808377601556,35.0306400421955,-71297.6444761866,-71262.6138361444,-6.6278,28,2.5093
2480,1.1700,25.217327401254070907,-90.475034927200198354,251605.31808377601556,35.0439101066811,-71297.6577255075,-71262.6138154008,-6.6278,29,2.5165
2490,1.1800,25.207109038099584808,-93.874259432557721539,251605.31808377601556,35.0297098944966,-71297.6434983191,-71262.6137884246,-6.6278,26,2.5372
2500,1.1900,25.205386530466554973,-98.755201241621861641,251605.31808377601556,35.0273161672911,-71297.6410960353,-71262.613779868,-6.6278,24,2.5683
2510,1.2000,25.221638098400106287,-103.88733147368674281,251605.31808377601556,35.0499005782675,-71297.6636993351,-71262.6137987568,-6.6278,21,2.6060
2520,1.2100,25.239099000631206593,-108.17485835550628792,251605.31808377601556,35.0741655718741,-71297.6879892501,-71262.6138236783,-6.6278,18,2.6463
2530,1.2200,25.234223977357022051,-111.01503932792874707,251605.31808377601556,35.0673908699135,-71297.681223418,-71262.6138325481,-6.6278,20,2.6745
2540,1.2299,25.19780404916623695,-112.56579217271506366,251605.31808377601556,35.0167789763808,-71297.6306073335,-71262.6138283572,-6.6278,21,2.6512
2550,1.2399,25.13375502506621828,-113.1166213323256784,251605.31808377601556,34.9277715963652,-71297.5415944596,-71262.6138228633,-6.6278,22,2.6376
2560,1.2499,25.050440954934273918,-112.62324395140696254,251605.31808377601556,34.8119920477291,-71297.42580766,-71262.6138156123,-6.6278,22,2.6120
2570,1.2599,24.961580128961895042,-111.59101124767504132,251605.31808377601556,34.6885043066283,-71297.302299254,-71262.6137949473,-6.6278,20,2.5957
2580,1.2699,24.890750077474848467,-111.18019037720006281,251605.31808377601556,34.5900734968256,-71297.2038497306,-71262.6137762337,-6.6278,19,2.5955
2590,1.2799,24.857351007905055695,-111.87531432253541652,251605.31808377601556,34.5436596174709,-71297.1574377178,-71262.6137781004,-6.6278,18,2.5893
2600,1.2899,24.859872506046329477,-113.14215868060946946,251605.31808377601556,34.5471636824652,-71297.1609602758,-71262.6137965934,-6.6278,21,2.5722
2610,1.2999,24.879428977018314129,-113.99536276622418995,251605.31808377601556,34.5743408372779,-71297.1881556739,-71262.6138148366,-6.6278,22,2.5559
2620,1.3099,24.896036006343905456,-113.74077838172507882,251605.31808377601556,34.5974192243554,-71297.2112447133,-71262.613825489,-6.6278,22,2.5265
2630,1.3199,24.897794566142056993,-112.13620272125737642,251605.31808377601556,34.5998630523829,-71297.2136936285,-71262.6138305761,-6.6278,21,2.4719
2640,1.3299,24.884398261838953204,-109.9582541004516969,251605.31808377601556,34.5812465322304,-71297.1950536194,-71262.6138070871,-6.6278,16,2.4290
2650,1.3399,24.884580664960886054,-110.57771741126298082,251605.31808377601556,34.5815000134382,-71297.1952811583,-71262.6137811449,-6.6278,15,2.4136
2660,1.3499,24.918979971546466601,-115.8106112479733838,251605.31808377601556,34.6293038979869,-71297.2431288746,-71262.6138249766,-6.6278,15,2.4332
2670,1.3599,24.94764849838159293,-121.5423064991233133,251605.31808377601556,34.6691438564931,-71297.2829796737,-71262.6138358172,-6.6278,15,2.4772
2680,1.3699,24.950259013448057743,-125.07091279498604308,251605.31808377601556,34.6727716261558,-71297.2865874275,-71262.6138158014,-6.6278,17,2.4907
2690,1.3799,24.940134597652324544,-126.82921460209642817,251605.31808377601556,34.658701970344,-71297.2725053058,-71262.6138033354,-6.6278,20,2.5023
2700,1.3899,24.929834742105260403,-127.26615305459695549,251605.31808377601556,34.6443885101521,-71297.258186042,-71262.6137975319,-6.6278,20,2.5249
2710,1.3999,24.927901464812684651,-126.52717101957384216,251605.31808377601556,34.6417018814474,-71297.2554904464,-71262.6137885649,-6.6278,19,2.5116
2720,1.4099,24.946883405842456227,-124.92290914733574425,251605.31808377601556,34.6680806258922,-71297.281854538,-71262.6137739121,-6.6278,16,2.4769
2730,1.4199,25.003424755184695982,-123.10404652323043706,251605.31808377601556,34.7466547718408,-71297.3604252559,-71262.613770484,-6.6278,15,2.4604
2740,1.4299,25.099749741350095178,-121.83278916147752113,251605.31808377601556,34.8805152758703,-71297.4943148723,-71262.6137995964,-6.6278,16,2.4659
2750,1.4399,25.205281522911107572,-121.03381426488427053,251605.31808377601556,35.0271702408305,-71297.6410099488,-71262.613839708,-6.6278,17,2.4905
2760,1.4499,25.276507840770975122,-120.39841676143350924,251605.31808377601556,35.1261517324293,-71297.7400142798,-71262.6138625474,-6.6278,16,2.5264
2770,1.4599,25.285930891886497562,-120.18845565699568567,251605.31808377601556,35.1392467187047,-71297.75311255,-71262.6138658313,-6.6278,16,2.5658
2780,1.4699,25.228444042038379536,-120.79848078123447408,251605.31808377601556,35.0593586335664,-71297.6732103471,-71262.6138517136,-6.6278,16,2.5781
2790,1.4799,25.119349453262437066,-122.22588476960635262,251605.31808377601556,34.9077525215721,-71297.5215758206,-71262.613823299,-6.6278,17,2.5459
2800,1.4899,24.989708450352431157,-124.17552157779083188,251605.31808377601556,34.7275935546908,-71297.3413843641,-71262.6137908094,-6.6278,17,2.5194
2810,1.4999,24.875052253007464031,-126.47927122331292082,251605.31808377601556,34.5682586097541,-71297.1820268411,-71262.6137682314,-6.6278,19,2.5023
2820,1.5099,24.800909777005397672,-128.90583067658442928,251605.31808377601556,34.465224603701,-71297.0789881086,-71262.6137635049,-6.6278,18,2.4973
2830,1.5199,24.774093168260161946,-130.8814265178237406,251605.31808377601556,34.427958210983,-71297.0417325295,-71262.6137743185,-6.6278,18,2.5050
2840,1.5299,24.784182810998526492,-131.85757042350238066,251605.31808377601556,34.4419795435178,-71297.0557722472,-71262.6137927037,-6.6278,21,2.5234
2850,1.5399,24.811453934736931615,-131.84875451951975833,251605.31808377601556,34.4798775647311,-71297.0936896089,-71262.6138120442,-6.6278,23,2.5487
2860,1.5499,24.834731637076931321,-131.28731796727319647,251605.31808377601556,34.5122260247924,-71297.1260521793,-71262.6138261545,-6.6278,20,2.5773
2870,1.5599,24.839207962146225839,-130.50481505297423723,251605.31808377601556,34.5184466654988,-71297.1322731448,-71262.6138264793,-6.6278,19,2.5480
2880,1.5699,24.825088706323331422,-129.50241665378237599,251605.31808377601556,34.4988254771009,-71297.112636624,-71262.6138111469,-6.6278,16,2.5224
2890,1.5799,24.809265745679418558,-127.9875327000776366,251605.31808377601556,34.4768366913107,-71297.0906256225,-71262.6137889312,-6.6278,17,2.5042
2900,1.5899,24.816043054826824488,-126.03772355973286778,251605.31808377601556,34.48625495395,-71297.1000280523,-71262.6137730983,-6.6278,19,2.4961
2910,1.5999,24.86257884511845262,-124.26822149074253332,251605.31808377601556,34.5509246164315,-71297.1646986713,-71262.6137740549,-6.6278,18,2.4990
2920,1.6099,24.947352012469387716,-123.01923743836148617,251605.31808377601556,34.6687318371902,-71297.2825260491,-71262.6137942119,-6.6278,18,2.5111
2930,1.6199,25.048014137475028917,-122.08575349272560118,251605.31808377601556,34.8086195581892,-71297.4224437946,-71262.6138242364,-6.6278,18,2.5289
2940,1.6299,25.130851294944552166,-121.355231504056988,251605.31808377601556,34.9237363528305,-71297.537587516,-71262.6138511631,-6.6278,16,2.5483
2950,1.6399,25.165035028166581554,-120.99766712735286944,251605.31808377601556,34.9712406602888,-71297.585105486,-71262.6138648257,-6.6278,16,2.5659
2960,1.6499,25.135081884966254506,-121.29740939385438026,251605.31808377601556,34.9296155014834,-71297.5434724189,-71262.6138569174,-6.6278,18,2.5793
2970,1.6599,25.050083757030289888,-122.38391661548068612,251605.31808377601556,34.8114956584394,-71297.4253213184,-71262.61382566,-6.6278,16,2.5864
2980,1.6699,24.944440928123476908,-124.05950233837172902,251605.31808377601556,34.6646863736679,-71297.2784697677,-71262.6137833941,-6.6278,14,2.5632
2990,1.6799,24.864113092664286597,-125.86411758996469246,251605.31808377601556,34.5530567231461,-71297.166807637,-71262.6137509138,-6.6278,14,2.5407
3000,1.6899,24.844650741260174698,-127.30896720445643666,251605.31808377601556,34.526010364021,-71297.1397526589,-71262.6137422949,-6.6278,15,2.5202
3010,1.6999,24.89566200818951458,-128.06701430323101931,251605.31808377601556,34.5968994881639,-71297.2106583672,-71262.6137588791,-6.6278,16,2.5038
3020,1.7099,24.998508853078178049,-128.15572339360960541,251605.31808377601556,34.7398232615553,-71297.3536168635,-71262.6137936019,-6.6278,13,2.4934
3030,1.7199,25.113972039965574368,-127.9452999056901632,251605.31808377601556,34.9002796603453,-71297.5141148518,-71262.6138351915,-6.6278,12,2.4905
3040,1.7299,25.195467367706431361,-127.90162479277239527,251605.31808377601556,35.0135317466597,-71297.6274007715,-71262.6138690248,-6.6278,12,2.4912
3050,1.7399,25.205725472199880244,-128.47076806817798911,251605.31808377601556,35.0277871864219,-71297.6416683258,-71262.6138811393,-6.6278,11,2.4730
3060,1.7499,25.131657936885751781,-130.16590483841801529,251605.31808377601556,34.9248573236307,-71297.538725493,-71262.6138681694,-6.6278,12,2.4647
3070,1.7599,24.987919661645321412,-133.36547493011218535,251605.31808377601556,34.7251077182794,-71297.3389450004,-71262.6138372821,-6.6278,13,2.4689
3080,1.7699,24.809573499757519244,-137.81436791298006028,251605.31808377601556,34.4772643697112,-71297.091060432,-71262.6137960623,-6.6278,14,2.4841
3090,1.7799,24.642746412743093742,-142.66006564452320049,251605.31808377601556,34.2454288009506,-71296.8591838991,-71262.6137550982,-6.6278,12,2.5061
3100,1.7899,24.532615979210980584,-146.9059988033673676,251605.31808377601556,34.0923832005466,-71296.7061107823,-71262.6137275818,-6.6278,13,2.5298
3110,1.7999,24.50931124594593058,-149.69260946717022875,251605.31808377601556,34.0599971762623,-71296.6737191913,-71262.613722015,-6.6278,12,2.5512
3120,1.8099,24.57823347537668468,-150.50435833091279392,251605.31808377601556,34.1557767318866,-71296.7695177644,-71262.6137410325,-6.6278,12,2.5678
3130,1.8199,24.71724716125268273,-149.44716037137519038,251605.31808377601556,34.3489606896439,-71296.9627409125,-71262.6137802228,-6.6278,13,2.5783
3140,1.8299,24.882103513707150455,-147.26674236328577194,251605.31808377601556,34.5780575762411,-71297.1918844028,-71262.6138268265,-6.6278,13,2.5824
3150,1.8399,25.020867044160329584,-144.89965621255916517,251605.31808377601556,34.7708938990564,-71297.384757085,-71262.6138631859,-6.6278,15,2.5806
3160,1.8499,25.093349476258232755,-142.86459052226896915,251605.31808377601556,34.8716209822376,-71297.4854956762,-71262.613874694,-6.6278,15,2.5743
3170,1.8599,25.086993891757494168,-141.08073028305932439,251605.31808377601556,34.862788780142,-71297.4766462661,-71262.613857486,-6.6278,17,2.5651
3180,1.8699,25.021028360123771961,-139.28151294135204807,251605.31808377601556,34.77111807595,-71297.3849387871,-71262.6138207111,-6.6278,18,2.5549
3190,1.8799,24.936469375279276761,-137.53412333582252813,251605.31808377601556,34.6536084994413,-71297.2673902562,-71262.6137817568,-6.6278,19,2.5456
3200,1.8899,24.877081420053109184,-136.26610807802489944,251605.31808377601556,34.5710784941299,-71297.1848357848,-71262.6137572907,-6.6278,19,2.5388
3210,1.8999,24.870869600898529939,-135.81313663792727198,251605.31808377601556,34.5624460792594,-71297.1762019088,-71262.6137558296,-6.6278,21,2.5360
3220,1.9099,24.920275987272606955,-136.02870366692360449,251605.31808377601556,34.6311049397025,-71297.2448806513,-71262.6137757116,-6.6278,19,2.5378
3230,1.9199,25.003814388845629679,-136.39455435905423997,251605.31808377601556,34.7471962363176,-71297.3610030705,-71262.6138068341,-6.6278,18,2.5440
3240,1.9299,25.087392215122175543,-136.50725301162935921,251605.31808377601556,34.86334232049,-71297.4771765725,-71262.613834252,-6.6278,17,2.5538
3250,1.9399,25.140795836207068703,-136.37385676915150157,251605.31808377601556,34.9375560413531,-71297.5514010914,-71262.61384505,-6.6278,17,2.5655
3260,1.9499,25.151662013331993251,-136.26559969548239337,251605.31808377601556,34.9526565049474,-71297.566492613,-71262.613836108,-6.6278,15,2.5773
3270,1.9599,25.129142026930576748,-136.37006217337869884,251605.31808377601556,34.9213610244035,-71297.5351759562,-71262.6138149318,-6.6278,16,2.5873
3280,1.9699,25.096276476324035798,-136.66694869705722226,251605.31808377601556,34.8756885634509,-71297.4894817655,-71262.6137932021,-6.6278,16,2.5938
3290,1.9799,25.077201641213605399,-137.1012734799153634,251605.31808377601556,34.8491807263486,-71297.4629617093,-71262.6137809829,-6.6278,16,2.5955
3300,1.9899,25.085490778056328764,-137.73259266398818568,251605.31808377601556,34.8606999393784,-71297.474484402,-71262.6137844626,-6.6278,13,2.5914
3310,1.9999,25.117023990106325471,-138.65761867166915522,251605.31808377601556,34.9045208816564,-71297.5183247572,-71262.6138038756,-6.6278,11,2.5813
3320,2.0099,25.150059678856390377,-139.82565467793426706,251605.31808377601556,34.9504297794729,-71297.5642611495,-71262.61383137,-6.6278,12,2.5661
3330,2.0199,25.154293279321294108,-141.03871745030966167,251605.31808377601556,34.9563131116658,-71297.5701662249,-71262.6138531133,-6.6278,12,2.5471
3340,2.0299,25.106124664848280759,-142.08860766799043063,251605.31808377601556,34.889374352903,-71297.503230894,-71262.6138565411,-6.6278,15,2.5267
3350,2.0399,25.002386311473959069,-142.8411287436123871,251605.31808377601556,34.7452116717267,-71297.3590489773,-71262.6138373056,-6.6278,15,2.5080
3360,2.0499,24.865051097926311741,-143.24514871352360501,251605.31808377601556,34.5543602463768,-71297.1681619081,-71262.6138016617,-6.6278,16,2.4943
3370,2.0599,24.734085277511475454,-143.32593667386638003,251605.31808377601556,34.3723602126445,-71296.9861248354,-71262.6137646227,-6.6278,16,2.4885
3380,2.0699,24.650824979813222626,-143.16542139043340853,251605.31808377601556,34.2566553902593,-71296.8703980921,-71262.6137427019,-6.6278,16,2.4920
3390,2.0799,24.639956452263358955,-142.9147190603708566,251605.31808377601556,34.2415516603362,-71296.8552962993,-71262.6137446389,-6.6278,16,2.5038
3400,2.0899,24.699551305098058407,-142.7884914982151372,251605.31808377601556,34.3243691862512,-71296.9381384499,-71262.6137692637,-6.6278,18,2.5215
3410,2.0999,24.802098174398871322,-142.98038982160207411,251605.31808377601556,34.4668760908219,-71297.0806837099,-71262.6138076191,-6.6278,18,2.5419
3420,2.1099,24.904580053241996751,-143.50685252969716998,251605.31808377601556,34.6092926797252,-71297.2231384015,-71262.6138457217,-6.6278,18,2.5623
3430,2.1199,24.964243779943203094,-144.20659414257403341,251605.31808377601556,34.692205917987,-71297.3060749429,-71262.6138690249,-6.6278,18,2.5806
3440,2.1299,24.954999752142644098,-144.8523616636332747,251605.31808377601556,34.6793597160834,-71297.2932272029,-71262.6138674868,-6.6278,16,2.5951
3450,2.1399,24.878647449907159483,-145.16320302808850329,251605.31808377601556,34.5732547679497,-71297.1870945369,-71262.6138397689,-6.6278,14,2.6012
3460,2.1499,24.766121500611777861,-144.71667949919591933,251605.31808377601556,34.4168801772157,-71297.0306756109,-71262.6137954337,-6.6278,12,2.6031
3470,2.1599,24.666681293940225572,-143.09926947984882872,251605.31808377601556,34.2786905265784,-71296.892442677,-71262.6137521504,-6.6278,13,2.6016
3480,2.1699,24.628413261246510757,-140.27685791053826847,251605.31808377601556,34.2255103669072,-71296.8392379434,-71262.6137275765,-6.6278,12,2.6000
3490,2.1799,24.678703862313405182,-136.75020746756129597,251605.31808377601556,34.2953979991276,-71296.9091293714,-71262.6137313723,-6.6278,14,2.5886
3500,2.1899,24.813273334016187732,-133.32727903731895935,251605.31808377601556,34.4824059399144,-71297.0961682293,-71262.6137622894,-6.6278,15,2.5744
3510,2.1999,24.997368774309308037,-130.73954330751485031,251605.31808377601556,34.7382389216586,-71297.3520484635,-71262.6138095418,-6.6278,15,2.5592
3520,2.2099,25.17789545615890745,-129.40543186745125581,251605.31808377601556,34.9891124860903,-71297.6029688426,-71262.6138563565,-6.6278,15,2.5451
3530,2.2199,25.302213974618069869,-129.45226571365580526,251605.31808377601556,35.1618749250339,-71297.7757610842,-71262.6138861592,-6.6278,15,2.5344
3540,2.2299,25.336674521817190708,-130.77526629954843429,251605.31808377601556,35.2097639141824,-71297.8236530232,-71262.6138891091,-6.6278,17,2.5290
3550,2.2399,25.277735061054862342,-133.01887214004048587,251605.31808377601556,35.1278571707823,-71297.7417224865,-71262.6138653158,-6.6278,17,2.5303
3560,2.2499,25.151991269002540008,-135.54649518604676928,251605.31808377601556,34.953114063591,-71297.5669379046,-71262.613823841,-6.6278,17,2.5384
3570,2.2599,25.005947230582009411,-137.64921372613400763,251605.31808377601556,34.7501601949042,-71297.3639398694,-71262.6137796745,-6.6278,17,2.5526
3580,2.2699,24.889080354569742326,-138.95613322204408746,251605.31808377601556,34.5877531232802,-71297.201502093,-71262.6137489697,-6.6278,17,2.5713
3590,2.2799,24.835790111025243476,-139.60690691057402546,251605.31808377601556,34.5136969604433,-71297.127439741,-71262.6137427806,-6.6278,16,2.5923
3600,2.2899,24.853110656192445305,-140.03667977098481856,251605.31808377601556,34.5377669032323,-71297.1515292736,-71262.6137623703,-6.6278,15,2.6137
3610,2.2999,24.919274272856956287,-140.6445227061498997,251605.31808377601556,34.6297128814016,-71297.2435117278,-71262.6137988464,-6.6278,14,2.6334
3620,2.3099,24.993526045375169531,-141.65634644851607504,251605.31808377601556,34.7328987741803,-71297.346736073,-71262.6138372988,-6.6278,12,2.6495
3630,2.3199,25.032695610278580034,-143.1774353555769892,251605.31808377601556,34.7873317713632,-71297.4011948748,-71262.6138631034,-6.6278,12,2.6604
3640,2.3299,25.007633018486629339,-145.23210862472302551,251605.31808377601556,34.752502893591,-71297.366369982,-71262.6138670884,-6.6278,12,2.6580
3650,2.3399,24.91367836985422457,-147.66378373105396804,251605.31808377601556,34.6219363903138,-71297.2357842222,-71262.6138478319,-6.6278,13,2.6579
3660,2.3499,24.772326969820003484,-150.03946438086634885,251605.31808377601556,34.4255037677193,-71297.0393154669,-71262.6138116992,-6.6278,13,2.6517
3670,2.3599,24.62397484652494839,-151.76724542604992507,251605.31808377601556,34.2193424092944,-71296.8331135629,-71262.6137711536,-6.6278,13,2.6352
3680,2.3699,24.51388733970867051,-152.35178863072982836,251605.31808377601556,34.0663564631094,-71296.680097233,-71262.6137407699,-6.6278,13,2.6139
3690,2.3799,24.476072821013811875,-151.56103348262556096,251605.31808377601556,34.013806540876,-71296.6275377501,-71262.6137312092,-6.6278,14,2.5896
3700,2.3899,24.521602173474381203,-149.40383551698633369,251605.31808377601556,34.0770775810404,-71296.6908218447,-71262.6137442637,-6.6278,15,2.5645
3710,2.3999,24.636548164140819495,-146.0529139540541621,251605.31808377601556,34.2368152447485,-71296.8505878363,-71262.6137725915,-6.6278,15,2.5411
3720,2.4099,24.789840120945306978,-141.86704095163042894,251605.31808377601556,34.4498413703508,-71297.0636455436,-71262.6138041732,-6.6278,18,2.5221
3730,2.4199,24.946359832238211851,-137.47486530182666797,251605.31808377601556,34.667353028315,-71297.2811813471,-71262.6138283188,-6.6278,18,2.5099
3740,2.4299,25.07876648685763854,-133.6991275501082157,251605.31808377601556,34.8513553545004,-71297.4651952983,-71262.6138399438,-6.6278,18,2.5062
3750,2.4399,25.173325674610943281,-131.24536245026160941,251605.31808377601556,34.9827619711755,-71297.5966021605,-71262.6138401893,-6.6278,18,2.5112
3760,2.4499,25.22886763260440901,-130.39396162292689496,251605.31808377601556,35.0599472871331,-71297.6737817384,-71262.6138344513,-6.6278,17,2.5234
3770,2.4599,25.251016903746471343,-130.97940445861547687,251605.31808377601556,35.0907275936454,-71297.7045565754,-71262.6138289817,-6.6278,16,2.5401
3780,2.4699,25.245545689531091682,-132.5765451138364881,251605.31808377601556,35.0831243795503,-71297.6969510922,-71262.6138267127,-6.6278,14,2.5585
3790,2.4799,25.215151524525619919,-134.67031338773540483,251605.31808377601556,35.0408863434066,-71297.6547122487,-71262.6138259053,-6.6278,12,2.5759
3800,2.4899,25.161104253153556698,-136.7236358758665915,251605.31808377601556,34.9657781573036,-71297.5796008919,-71262.6138227346,-6.6278,12,2.5902
3810,2.4999,25.087321677117248697,-138.23134072350472934,251605.31808377601556,34.8632442955302,-71297.4770586647,-71262.6138143692,-6.6278,11,2.5997
3820,2.5099,25.003607266194784131,-138.8391084722635469,251605.31808377601556,34.7469084029782,-71297.3607087004,-71262.6138002974,-6.6278,12,2.6030
3830,2.5199,24.926267405933145938,-138.48430085146222268,251605.31808377601556,34.6394310693359,-71297.2532138263,-71262.6137827569,-6.6278,14,2.6011
3840,2.5299,24.875339811481296692,-137.44984284294667987,251605.31808377601556,34.5686582228117,-71297.1824255472,-71262.6137673244,-6.6278,14,2.5927
3850,2.5399,24.868054549200770964,-136.22517559705815415,251605.31808377601556,34.5585340699861,-71297.1722960996,-71262.6137620296,-6.6278,15,2.5788
3860,2.5499,24.90993027196960341,-135.29373762050562391,251605.31808377601556,34.6167277493167,-71297.2305012323,-71262.6137734829,-6.6278,15,2.5607
3870,2.5599,24.987831136603919191,-134.98118410909947329,251605.31808377601556,34.72498469717,-71297.3387863661,-71262.6138016689,-6.6278,16,2.5401
3880,2.5699,25.070407425491303854,-135.39871504544149161,251605.31808377601556,34.8397389690509,-71297.4535762212,-71262.6138372522,-6.6278,17,2.5194
3890,2.5799,25.118482227013139152,-136.53375656372378444,251605.31808377601556,34.906547358224,-71297.5204122147,-71262.6138648564,-6.6278,16,2.5016
3900,2.5899,25.101638196849915374,-138.38850560945672896,251605.31808377601556,34.8831396168134,-71297.4970115707,-71262.6138719539,-6.6278,18,2.4899
3910,2.5999,25.011818483719885364,-141.001076286998142,251605.31808377601556,34.7583193334165,-71297.3721751803,-71262.6138558469,-6.6278,17,2.4867
3920,2.6099,24.866760269592390387,-144.27757884017725587,251605.31808377601556,34.5567354409115,-71297.170557683,-71262.6138222421,-6.6278,16,2.4925
3930,2.6199,24.704066585693574609,-147.79399043989491247,251605.31808377601556,34.3306439625103,-71296.9444248593,-71262.6137808968,-6.6278,16,2.5057
3940,2.6299,24.570126622752894718,-150.78769886702139047,251605.31808377601556,34.144510834828,-71296.7582546339,-71262.6137437991,-6.6278,15,2.5233
3950,2.6399,24.506522822422947883,-152.38278152313029068,251605.31808377601556,34.0561221715196,-71296.6698443996,-71262.6137222281,-6.6278,14,2.5341
3960,2.6499,24.537380352016096907,-151.95418205168999748,251605.31808377601556,34.0990041342261,-71296.712726991,-71262.6137228567,-6.6278,13,2.5205
3970,2.6599,24.6618734455275046,-149.4369058959555332,251605.31808377601556,34.2720091758983,-71296.8857548473,-71262.6137456714,-6.6278,14,2.5132
3980,2.6699,24.854284352101437605,-145.34950628488635971,251605.31808377601556,34.5393979600558,-71297.1531818306,-71262.6137838705,-6.6278,14,2.5132
3990,2.6799,25.071682066659654708,-140.55012682408494129,251605.31808377601556,34.8415103070603,-71297.4553361138,-71262.6138258067,-6.6278,14,2.5207
4000,2.6899,25.266913451355712539,-135.95997522044373795,251605.31808377601556,35.1128186414618,-71297.726677882,-71262.6138592406,-6.6278,16,2.5341
4000,2.6899,25.266913451355712539,-135.95997522043339245,251605.31808377601556,35.1128186414618,-71297.726677882,-71262.6138592405,-6.6278,16,2.5341
